Date,N_Flights,(COPYRIGHT 2020 EUROCONTROL)
01/10/2010,"31,584"
02/10/2010,"24,484"
03/10/2010,"26,803"
04/10/2010,"29,937"
05/10/2010,"29,373"
06/10/2010,"29,995"
07/10/2010,"30,381"
08/10/2010,"30,963"
09/10/2010,"23,916"
10/10/2010,"26,035"
11/10/2010,"29,340"
12/10/2010,"27,175"
13/10/2010,"29,566"
14/10/2010,"30,067"
15/10/2010,"30,588"
16/10/2010,"23,376"
17/10/2010,"25,554"
18/10/2010,"29,203"
19/10/2010,"27,063"
20/10/2010,"28,970"
21/10/2010,"29,772"
22/10/2010,"30,716"
23/10/2010,"23,793"
24/10/2010,"25,506"
25/10/2010,"28,655"
26/10/2010,"28,607"
27/10/2010,"29,092"
28/10/2010,"28,251"
29/10/2010,"30,138"
30/10/2010,"23,057"
31/10/2010,"23,430"
01/11/2010,"25,423"
02/11/2010,"26,305"
03/11/2010,"27,196"
04/11/2010,"27,475"
05/11/2010,"28,070"
06/11/2010,"20,310"
07/11/2010,"23,003"
08/11/2010,"26,671"
09/11/2010,"26,239"
10/11/2010,"26,813"
11/11/2010,"25,999"
12/11/2010,"26,740"
13/11/2010,"19,653"
14/11/2010,"22,527"
15/11/2010,"26,718"
16/11/2010,"25,643"
17/11/2010,"26,393"
18/11/2010,"26,770"
19/11/2010,"27,517"
20/11/2010,"19,663"
21/11/2010,"22,636"
22/11/2010,"26,621"
23/11/2010,"25,944"
24/11/2010,"26,174"
25/11/2010,"26,922"
26/11/2010,"26,872"
27/11/2010,"19,148"
28/11/2010,"21,760"
29/11/2010,"24,861"
30/11/2010,"24,473"
01/12/2010,"23,175"
02/12/2010,"23,820"
03/12/2010,"25,247"
04/12/2010,"16,615"
05/12/2010,"21,554"
06/12/2010,"24,441"
07/12/2010,"24,416"
08/12/2010,"24,227"
09/12/2010,"25,451"
10/12/2010,"27,093"
11/12/2010,"19,226"
12/12/2010,"21,917"
13/12/2010,"26,151"
14/12/2010,"25,845"
15/12/2010,"25,835"
16/12/2010,"25,438"
17/12/2010,"24,160"
18/12/2010,"18,049"
19/12/2010,"18,955"
20/12/2010,"22,938"
21/12/2010,"23,358"
22/12/2010,"24,654"
23/12/2010,"23,968"
24/12/2010,"17,018"
25/12/2010,"11,066"
26/12/2010,"19,537"
27/12/2010,"21,991"
28/12/2010,"21,553"
29/12/2010,"21,935"
30/12/2010,"22,671"
31/12/2010,"16,738"
01/01/2011,"14,389"
02/01/2011,"23,109"
03/01/2011,"23,875"
04/01/2011,"23,002"
05/01/2011,"23,283"
06/01/2011,"22,162"
07/01/2011,"23,494"
08/01/2011,"19,291"
09/01/2011,"22,766"
10/01/2011,"25,488"
11/01/2011,"24,281"
12/01/2011,"24,999"
13/01/2011,"24,916"
14/01/2011,"25,951"
15/01/2011,"19,520"
16/01/2011,"21,770"
17/01/2011,"24,986"
18/01/2011,"24,312"
19/01/2011,"25,108"
20/01/2011,"25,498"
21/01/2011,"26,316"
22/01/2011,"19,042"
23/01/2011,"21,365"
24/01/2011,"25,083"
25/01/2011,"24,434"
26/01/2011,"25,311"
27/01/2011,"25,451"
28/01/2011,"26,554"
29/01/2011,"19,483"
30/01/2011,"21,759"
31/01/2011,"25,387"
01/02/2011,"24,649"
02/02/2011,"24,964"
03/02/2011,"25,663"
04/02/2011,"26,266"
05/02/2011,"19,286"
06/02/2011,"21,637"
07/02/2011,"25,618"
08/02/2011,"24,633"
09/02/2011,"25,736"
10/02/2011,"25,870"
11/02/2011,"26,851"
12/02/2011,"19,848"
13/02/2011,"21,710"
14/02/2011,"25,401"
15/02/2011,"24,691"
16/02/2011,"25,759"
17/02/2011,"26,111"
18/02/2011,"26,911"
19/02/2011,"20,092"
20/02/2011,"22,062"
21/02/2011,"25,697"
22/02/2011,"25,007"
23/02/2011,"25,802"
24/02/2011,"26,094"
25/02/2011,"27,222"
26/02/2011,"20,807"
27/02/2011,"22,929"
28/02/2011,"26,113"
01/03/2011,"25,911"
02/03/2011,"26,363"
03/03/2011,"26,575"
04/03/2011,"27,575"
05/03/2011,"20,704"
06/03/2011,"22,856"
07/03/2011,"26,042"
08/03/2011,"25,726"
09/03/2011,"26,430"
10/03/2011,"26,829"
11/03/2011,"27,572"
12/03/2011,"20,680"
13/03/2011,"22,806"
14/03/2011,"26,505"
15/03/2011,"26,015"
16/03/2011,"26,623"
17/03/2011,"26,702"
18/03/2011,"27,659"
19/03/2011,"20,773"
20/03/2011,"23,341"
21/03/2011,"26,850"
22/03/2011,"26,102"
23/03/2011,"26,912"
24/03/2011,"27,299"
25/03/2011,"27,891"
26/03/2011,"20,486"
27/03/2011,"24,171"
28/03/2011,"28,084"
29/03/2011,"27,729"
30/03/2011,"28,493"
31/03/2011,"28,635"
01/04/2011,"29,243"
02/04/2011,"21,994"
03/04/2011,"24,304"
04/04/2011,"28,112"
05/04/2011,"27,953"
06/04/2011,"28,544"
07/04/2011,"28,976"
08/04/2011,"29,445"
09/04/2011,"22,562"
10/04/2011,"24,767"
11/04/2011,"28,550"
12/04/2011,"27,989"
13/04/2011,"28,713"
14/04/2011,"29,607"
15/04/2011,"30,229"
16/04/2011,"23,706"
17/04/2011,"25,188"
18/04/2011,"27,865"
19/04/2011,"27,363"
20/04/2011,"28,335"
21/04/2011,"28,235"
22/04/2011,"25,450"
23/04/2011,"21,994"
24/04/2011,"22,550"
25/04/2011,"25,536"
26/04/2011,"28,303"
27/04/2011,"28,859"
28/04/2011,"29,333"
29/04/2011,"29,770"
30/04/2011,"24,111"
01/05/2011,"26,074"
02/05/2011,"28,978"
03/05/2011,"28,915"
04/05/2011,"29,781"
05/05/2011,"30,427"
06/05/2011,"30,537"
07/05/2011,"24,015"
08/05/2011,"26,212"
09/05/2011,"29,868"
10/05/2011,"29,579"
11/05/2011,"29,720"
12/05/2011,"30,226"
13/05/2011,"30,760"
14/05/2011,"24,073"
15/05/2011,"26,202"
16/05/2011,"29,855"
17/05/2011,"28,796"
18/05/2011,"30,538"
19/05/2011,"30,724"
20/05/2011,"31,101"
21/05/2011,"24,552"
22/05/2011,"26,573"
23/05/2011,"30,165"
24/05/2011,"28,946"
25/05/2011,"29,700"
26/05/2011,"30,961"
27/05/2011,"31,805"
28/05/2011,"25,710"
29/05/2011,"27,267"
30/05/2011,"30,465"
31/05/2011,"30,004"
01/06/2011,"31,227"
02/06/2011,"27,685"
03/06/2011,"28,261"
04/06/2011,"25,276"
05/06/2011,"28,201"
06/06/2011,"30,479"
07/06/2011,"30,395"
08/06/2011,"30,822"
09/06/2011,"31,884"
10/06/2011,"32,830"
11/06/2011,"26,229"
12/06/2011,"26,537"
13/06/2011,"29,201"
14/06/2011,"31,110"
15/06/2011,"31,407"
16/06/2011,"32,105"
17/06/2011,"32,956"
18/06/2011,"26,399"
19/06/2011,"28,306"
20/06/2011,"31,866"
21/06/2011,"31,194"
22/06/2011,"31,721"
23/06/2011,"31,479"
24/06/2011,"31,314"
25/06/2011,"26,732"
26/06/2011,"28,944"
27/06/2011,"31,760"
28/06/2011,"31,025"
29/06/2011,"31,247"
30/06/2011,"32,784"
01/07/2011,"33,576"
02/07/2011,"27,677"
03/07/2011,"29,110"
04/07/2011,"31,453"
05/07/2011,"31,020"
06/07/2011,"31,318"
07/07/2011,"31,931"
08/07/2011,"32,817"
09/07/2011,"27,635"
10/07/2011,"29,021"
11/07/2011,"31,000"
12/07/2011,"30,567"
13/07/2011,"30,879"
14/07/2011,"30,799"
15/07/2011,"31,950"
16/07/2011,"27,571"
17/07/2011,"28,850"
18/07/2011,"30,898"
19/07/2011,"30,231"
20/07/2011,"30,878"
21/07/2011,"31,397"
22/07/2011,"32,218"
23/07/2011,"27,776"
24/07/2011,"28,898"
25/07/2011,"30,753"
26/07/2011,"30,385"
27/07/2011,"30,744"
28/07/2011,"31,443"
29/07/2011,"32,268"
30/07/2011,"28,261"
31/07/2011,"29,199"
01/08/2011,"30,572"
02/08/2011,"29,612"
03/08/2011,"29,670"
04/08/2011,"30,183"
05/08/2011,"31,286"
06/08/2011,"27,541"
07/08/2011,"28,453"
08/08/2011,"29,848"
09/08/2011,"29,238"
10/08/2011,"30,039"
11/08/2011,"30,360"
12/08/2011,"31,418"
13/08/2011,"27,442"
14/08/2011,"28,409"
15/08/2011,"29,655"
16/08/2011,"29,947"
17/08/2011,"30,376"
18/08/2011,"30,678"
19/08/2011,"31,429"
20/08/2011,"27,577"
21/08/2011,"28,871"
22/08/2011,"30,938"
23/08/2011,"30,332"
24/08/2011,"30,801"
25/08/2011,"31,499"
26/08/2011,"31,912"
27/08/2011,"27,580"
28/08/2011,"28,771"
29/08/2011,"31,511"
30/08/2011,"31,343"
31/08/2011,"31,982"
01/09/2011,"32,105"
02/09/2011,"32,869"
03/09/2011,"27,554"
04/09/2011,"29,230"
05/09/2011,"31,801"
06/09/2011,"30,555"
07/09/2011,"31,697"
08/09/2011,"32,006"
09/09/2011,"32,922"
10/09/2011,"27,071"
11/09/2011,"28,608"
12/09/2011,"31,435"
13/09/2011,"30,657"
14/09/2011,"31,589"
15/09/2011,"32,508"
16/09/2011,"32,919"
17/09/2011,"26,281"
18/09/2011,"28,138"
19/09/2011,"31,158"
20/09/2011,"30,869"
21/09/2011,"31,458"
22/09/2011,"31,732"
23/09/2011,"32,234"
24/09/2011,"25,881"
25/09/2011,"27,806"
26/09/2011,"31,319"
27/09/2011,"30,530"
28/09/2011,"31,071"
29/09/2011,"31,468"
30/09/2011,"32,280"
01/10/2011,"25,172"
02/10/2011,"27,129"
03/10/2011,"29,971"
04/10/2011,"29,529"
05/10/2011,"29,189"
06/10/2011,"30,582"
07/10/2011,"30,725"
08/10/2011,"24,023"
09/10/2011,"26,233"
10/10/2011,"29,575"
11/10/2011,"28,965"
12/10/2011,"29,382"
13/10/2011,"30,047"
14/10/2011,"30,726"
15/10/2011,"23,987"
16/10/2011,"26,187"
17/10/2011,"29,557"
18/10/2011,"28,771"
19/10/2011,"28,697"
20/10/2011,"29,992"
21/10/2011,"30,708"
22/10/2011,"24,147"
23/10/2011,"25,934"
24/10/2011,"29,004"
25/10/2011,"28,451"
26/10/2011,"28,891"
27/10/2011,"29,369"
28/10/2011,"30,218"
29/10/2011,"23,696"
30/10/2011,"23,814"
31/10/2011,"25,571"
01/11/2011,"24,413"
02/11/2011,"26,378"
03/11/2011,"26,906"
04/11/2011,"27,620"
05/11/2011,"20,424"
06/11/2011,"23,256"
07/11/2011,"26,360"
08/11/2011,"25,382"
09/11/2011,"26,365"
10/11/2011,"26,826"
11/11/2011,"26,607"
12/11/2011,"19,309"
13/11/2011,"22,689"
14/11/2011,"25,983"
15/11/2011,"25,431"
16/11/2011,"26,505"
17/11/2011,"26,522"
18/11/2011,"27,191"
19/11/2011,"19,222"
20/11/2011,"21,874"
21/11/2011,"25,833"
22/11/2011,"25,107"
23/11/2011,"25,832"
24/11/2011,"25,777"
25/11/2011,"26,801"
26/11/2011,"18,965"
27/11/2011,"21,863"
28/11/2011,"26,289"
29/11/2011,"25,072"
30/11/2011,"25,975"
01/12/2011,"26,106"
02/12/2011,"27,079"
03/12/2011,"18,773"
04/12/2011,"21,552"
05/12/2011,"25,281"
06/12/2011,"24,263"
07/12/2011,"25,337"
08/12/2011,"25,462"
09/12/2011,"25,915"
10/12/2011,"18,921"
11/12/2011,"21,982"
12/12/2011,"25,539"
13/12/2011,"24,313"
14/12/2011,"25,406"
15/12/2011,"26,157"
16/12/2011,"26,156"
17/12/2011,"19,519"
18/12/2011,"21,675"
19/12/2011,"25,095"
20/12/2011,"24,492"
21/12/2011,"25,121"
22/12/2011,"25,687"
23/12/2011,"25,586"
24/12/2011,"16,002"
25/12/2011,"11,729"
26/12/2011,"19,203"
27/12/2011,"21,487"
28/12/2011,"21,913"
29/12/2011,"22,025"
30/12/2011,"22,842"
31/12/2011,"14,993"
01/01/2012,"17,291"
02/01/2012,"23,917"
03/01/2012,"22,305"
04/01/2012,"22,998"
05/01/2012,"22,089"
06/01/2012,"22,580"
07/01/2012,"18,905"
08/01/2012,"21,998"
09/01/2012,"25,100"
10/01/2012,"23,701"
11/01/2012,"24,020"
12/01/2012,"24,642"
13/01/2012,"25,180"
14/01/2012,"18,688"
15/01/2012,"21,222"
16/01/2012,"24,414"
17/01/2012,"23,383"
18/01/2012,"23,933"
19/01/2012,"24,316"
20/01/2012,"25,521"
21/01/2012,"18,186"
22/01/2012,"20,995"
23/01/2012,"24,496"
24/01/2012,"23,323"
25/01/2012,"24,095"
26/01/2012,"24,608"
27/01/2012,"25,287"
28/01/2012,"18,510"
29/01/2012,"20,873"
30/01/2012,"23,866"
31/01/2012,"23,184"
01/02/2012,"23,663"
02/02/2012,"24,237"
03/02/2012,"24,982"
04/02/2012,"18,151"
05/02/2012,"20,161"
06/02/2012,"23,823"
07/02/2012,"22,638"
08/02/2012,"23,685"
09/02/2012,"24,438"
10/02/2012,"25,909"
11/02/2012,"19,191"
12/02/2012,"21,216"
13/02/2012,"24,073"
14/02/2012,"23,221"
15/02/2012,"24,406"
16/02/2012,"24,923"
17/02/2012,"25,782"
18/02/2012,"19,947"
19/02/2012,"21,933"
20/02/2012,"24,322"
21/02/2012,"23,494"
22/02/2012,"24,619"
23/02/2012,"24,990"
24/02/2012,"25,727"
25/02/2012,"19,874"
26/02/2012,"22,158"
27/02/2012,"25,085"
28/02/2012,"23,651"
29/02/2012,"24,360"
01/03/2012,"25,713"
02/03/2012,"26,388"
03/03/2012,"19,917"
04/03/2012,"22,145"
05/03/2012,"25,579"
06/03/2012,"24,759"
07/03/2012,"25,674"
08/03/2012,"26,134"
09/03/2012,"26,875"
10/03/2012,"19,850"
11/03/2012,"22,355"
12/03/2012,"25,815"
13/03/2012,"25,033"
14/03/2012,"25,775"
15/03/2012,"26,443"
16/03/2012,"27,452"
17/03/2012,"19,972"
18/03/2012,"22,318"
19/03/2012,"25,906"
20/03/2012,"25,170"
21/03/2012,"26,023"
22/03/2012,"26,729"
23/03/2012,"27,363"
24/03/2012,"20,061"
25/03/2012,"23,759"
26/03/2012,"27,572"
27/03/2012,"26,648"
28/03/2012,"28,183"
29/03/2012,"27,294"
30/03/2012,"29,146"
31/03/2012,"22,780"
01/04/2012,"24,420"
02/04/2012,"25,840"
03/04/2012,"25,288"
04/04/2012,"27,332"
05/04/2012,"27,269"
06/04/2012,"24,547"
07/04/2012,"21,126"
08/04/2012,"21,749"
09/04/2012,"24,499"
10/04/2012,"26,929"
11/04/2012,"27,400"
12/04/2012,"27,908"
13/04/2012,"28,152"
14/04/2012,"22,902"
15/04/2012,"24,584"
16/04/2012,"28,128"
17/04/2012,"27,773"
18/04/2012,"28,084"
19/04/2012,"28,716"
20/04/2012,"29,126"
21/04/2012,"22,730"
22/04/2012,"24,696"
23/04/2012,"28,245"
24/04/2012,"27,691"
25/04/2012,"28,091"
26/04/2012,"28,913"
27/04/2012,"30,049"
28/04/2012,"23,699"
29/04/2012,"24,684"
30/04/2012,"25,850"
01/05/2012,"25,469"
02/05/2012,"28,767"
03/05/2012,"28,989"
04/05/2012,"29,363"
05/05/2012,"23,577"
06/05/2012,"25,380"
07/05/2012,"28,042"
08/05/2012,"27,867"
09/05/2012,"29,194"
10/05/2012,"29,753"
11/05/2012,"30,185"
12/05/2012,"23,978"
13/05/2012,"25,800"
14/05/2012,"29,434"
15/05/2012,"28,638"
16/05/2012,"29,519"
17/05/2012,"26,324"
18/05/2012,"27,136"
19/05/2012,"24,008"
20/05/2012,"26,896"
21/05/2012,"29,513"
22/05/2012,"28,708"
23/05/2012,"29,494"
24/05/2012,"30,060"
25/05/2012,"31,100"
26/05/2012,"24,756"
27/05/2012,"25,068"
28/05/2012,"27,995"
29/05/2012,"29,175"
30/05/2012,"29,834"
31/05/2012,"30,480"
01/06/2012,"31,896"
02/06/2012,"25,703"
03/06/2012,"27,017"
04/06/2012,"29,520"
05/06/2012,"29,248"
06/06/2012,"29,809"
07/06/2012,"29,824"
08/06/2012,"30,789"
09/06/2012,"26,243"
10/06/2012,"28,155"
11/06/2012,"30,996"
12/06/2012,"30,397"
13/06/2012,"31,080"
14/06/2012,"31,792"
15/06/2012,"32,542"
16/06/2012,"26,529"
17/06/2012,"28,348"
18/06/2012,"31,242"
19/06/2012,"30,738"
20/06/2012,"31,071"
21/06/2012,"31,550"
22/06/2012,"31,912"
23/06/2012,"26,706"
24/06/2012,"28,319"
25/06/2012,"31,334"
26/06/2012,"30,650"
27/06/2012,"31,477"
28/06/2012,"31,918"
29/06/2012,"32,661"
30/06/2012,"27,463"
01/07/2012,"28,861"
02/07/2012,"31,500"
03/07/2012,"30,577"
04/07/2012,"30,994"
05/07/2012,"31,508"
06/07/2012,"31,887"
07/07/2012,"27,570"
08/07/2012,"28,573"
09/07/2012,"31,010"
10/07/2012,"30,421"
11/07/2012,"30,626"
12/07/2012,"31,268"
13/07/2012,"31,820"
14/07/2012,"27,314"
15/07/2012,"28,614"
16/07/2012,"30,737"
17/07/2012,"30,314"
18/07/2012,"30,889"
19/07/2012,"31,083"
20/07/2012,"31,958"
21/07/2012,"27,440"
22/07/2012,"28,416"
23/07/2012,"30,245"
24/07/2012,"29,874"
25/07/2012,"30,185"
26/07/2012,"30,751"
27/07/2012,"31,376"
28/07/2012,"27,521"
29/07/2012,"28,149"
30/07/2012,"29,945"
31/07/2012,"29,407"
01/08/2012,"29,816"
02/08/2012,"29,745"
03/08/2012,"30,922"
04/08/2012,"27,402"
05/08/2012,"28,011"
06/08/2012,"29,368"
07/08/2012,"28,911"
08/08/2012,"29,169"
09/08/2012,"29,589"
10/08/2012,"30,677"
11/08/2012,"27,226"
12/08/2012,"28,044"
13/08/2012,"29,846"
14/08/2012,"28,915"
15/08/2012,"28,455"
16/08/2012,"29,737"
17/08/2012,"31,038"
18/08/2012,"27,526"
19/08/2012,"28,387"
20/08/2012,"30,510"
21/08/2012,"29,884"
22/08/2012,"30,319"
23/08/2012,"30,759"
24/08/2012,"31,727"
25/08/2012,"27,350"
26/08/2012,"28,807"
27/08/2012,"30,902"
28/08/2012,"30,553"
29/08/2012,"31,101"
30/08/2012,"31,488"
31/08/2012,"32,059"
01/09/2012,"27,637"
02/09/2012,"29,031"
03/09/2012,"31,498"
04/09/2012,"30,496"
05/09/2012,"31,098"
06/09/2012,"31,774"
07/09/2012,"31,382"
08/09/2012,"26,779"
09/09/2012,"28,502"
10/09/2012,"31,189"
11/09/2012,"30,356"
12/09/2012,"30,924"
13/09/2012,"31,241"
14/09/2012,"32,238"
15/09/2012,"26,395"
16/09/2012,"27,926"
17/09/2012,"30,580"
18/09/2012,"30,199"
19/09/2012,"30,647"
20/09/2012,"31,294"
21/09/2012,"31,716"
22/09/2012,"25,591"
23/09/2012,"27,273"
24/09/2012,"30,067"
25/09/2012,"29,438"
26/09/2012,"29,845"
27/09/2012,"30,795"
28/09/2012,"31,700"
29/09/2012,"25,293"
30/09/2012,"27,387"
01/10/2012,"29,537"
02/10/2012,"28,799"
03/10/2012,"28,703"
04/10/2012,"29,626"
05/10/2012,"30,325"
06/10/2012,"24,090"
07/10/2012,"26,400"
08/10/2012,"28,941"
09/10/2012,"28,220"
10/10/2012,"29,140"
11/10/2012,"29,714"
12/10/2012,"29,589"
13/10/2012,"23,479"
14/10/2012,"25,756"
15/10/2012,"28,751"
16/10/2012,"27,846"
17/10/2012,"28,639"
18/10/2012,"29,192"
19/10/2012,"30,000"
20/10/2012,"23,489"
21/10/2012,"25,297"
22/10/2012,"27,770"
23/10/2012,"27,452"
24/10/2012,"28,513"
25/10/2012,"28,800"
26/10/2012,"29,057"
27/10/2012,"22,660"
28/10/2012,"23,672"
29/10/2012,"26,189"
30/10/2012,"25,175"
31/10/2012,"26,194"
01/11/2012,"24,359"
02/11/2012,"25,030"
03/11/2012,"20,227"
04/11/2012,"23,619"
05/11/2012,"26,237"
06/11/2012,"25,038"
07/11/2012,"25,443"
08/11/2012,"25,673"
09/11/2012,"26,643"
10/11/2012,"18,875"
11/11/2012,"21,805"
12/11/2012,"25,349"
13/11/2012,"24,336"
14/11/2012,"23,828"
15/11/2012,"25,282"
16/11/2012,"26,261"
17/11/2012,"18,558"
18/11/2012,"21,550"
19/11/2012,"24,822"
20/11/2012,"23,936"
21/11/2012,"24,729"
22/11/2012,"24,968"
23/11/2012,"25,754"
24/11/2012,"17,956"
25/11/2012,"21,334"
26/11/2012,"25,026"
27/11/2012,"23,867"
28/11/2012,"24,321"
29/11/2012,"25,020"
30/11/2012,"25,904"
01/12/2012,"18,144"
02/12/2012,"20,937"
03/12/2012,"24,324"
04/12/2012,"23,334"
05/12/2012,"23,865"
06/12/2012,"24,776"
07/12/2012,"23,730"
08/12/2012,"17,953"
09/12/2012,"20,653"
10/12/2012,"24,418"
11/12/2012,"23,509"
12/12/2012,"24,368"
13/12/2012,"24,897"
14/12/2012,"25,426"
15/12/2012,"18,575"
16/12/2012,"21,004"
17/12/2012,"24,302"
18/12/2012,"23,685"
19/12/2012,"24,862"
20/12/2012,"25,303"
21/12/2012,"25,876"
22/12/2012,"20,358"
23/12/2012,"20,936"
24/12/2012,"15,521"
25/12/2012,"10,057"
26/12/2012,"17,933"
27/12/2012,"21,252"
28/12/2012,"22,204"
29/12/2012,"19,325"
30/12/2012,"19,935"
31/12/2012,"14,768"
01/01/2013,"15,202"
02/01/2013,"22,097"
03/01/2013,"22,138"
04/01/2013,"23,062"
05/01/2013,"19,350"
06/01/2013,"21,519"
07/01/2013,"23,290"
08/01/2013,"22,173"
09/01/2013,"22,865"
10/01/2013,"23,230"
11/01/2013,"24,039"
12/01/2013,"18,434"
13/01/2013,"20,460"
14/01/2013,"23,071"
15/01/2013,"21,855"
16/01/2013,"22,538"
17/01/2013,"22,740"
18/01/2013,"22,651"
19/01/2013,"17,607"
20/01/2013,"18,300"
21/01/2013,"21,553"
22/01/2013,"22,140"
23/01/2013,"22,953"
24/01/2013,"23,431"
25/01/2013,"24,596"
26/01/2013,"18,280"
27/01/2013,"20,485"
28/01/2013,"23,566"
29/01/2013,"22,417"
30/01/2013,"22,965"
31/01/2013,"23,761"
01/02/2013,"24,654"
02/02/2013,"18,084"
03/02/2013,"20,726"
04/02/2013,"23,502"
05/02/2013,"22,413"
06/02/2013,"23,075"
07/02/2013,"23,994"
08/02/2013,"24,737"
09/02/2013,"18,760"
10/02/2013,"20,723"
11/02/2013,"23,049"
12/02/2013,"22,459"
13/02/2013,"23,476"
14/02/2013,"23,681"
15/02/2013,"24,839"
16/02/2013,"19,332"
17/02/2013,"21,427"
18/02/2013,"23,891"
19/02/2013,"22,566"
20/02/2013,"23,802"
21/02/2013,"24,133"
22/02/2013,"24,990"
23/02/2013,"19,227"
24/02/2013,"21,394"
25/02/2013,"24,089"
26/02/2013,"23,401"
27/02/2013,"24,241"
28/02/2013,"25,067"
01/03/2013,"25,901"
02/03/2013,"19,722"
03/03/2013,"21,937"
04/03/2013,"24,646"
05/03/2013,"23,698"
06/03/2013,"24,507"
07/03/2013,"25,113"
08/03/2013,"25,449"
09/03/2013,"19,497"
10/03/2013,"22,064"
11/03/2013,"24,447"
12/03/2013,"22,050"
13/03/2013,"24,334"
14/03/2013,"25,794"
15/03/2013,"26,280"
16/03/2013,"20,110"
17/03/2013,"22,057"
18/03/2013,"25,167"
19/03/2013,"24,366"
20/03/2013,"25,379"
21/03/2013,"25,321"
22/03/2013,"26,745"
23/03/2013,"20,386"
24/03/2013,"22,449"
25/03/2013,"25,002"
26/03/2013,"24,377"
27/03/2013,"25,567"
28/03/2013,"25,463"
29/03/2013,"22,875"
30/03/2013,"19,768"
31/03/2013,"21,072"
01/04/2013,"23,752"
02/04/2013,"26,429"
03/04/2013,"26,676"
04/04/2013,"27,145"
05/04/2013,"27,551"
06/04/2013,"22,019"
07/04/2013,"24,437"
08/04/2013,"27,404"
09/04/2013,"26,698"
10/04/2013,"27,158"
11/04/2013,"27,598"
12/04/2013,"27,860"
13/04/2013,"21,986"
14/04/2013,"24,271"
15/04/2013,"27,376"
16/04/2013,"26,778"
17/04/2013,"27,293"
18/04/2013,"27,831"
19/04/2013,"28,374"
20/04/2013,"21,925"
21/04/2013,"24,437"
22/04/2013,"25,561"
23/04/2013,"27,087"
24/04/2013,"27,900"
25/04/2013,"28,194"
26/04/2013,"28,936"
27/04/2013,"23,060"
28/04/2013,"25,209"
29/04/2013,"27,697"
30/04/2013,"27,211"
01/05/2013,"25,113"
02/05/2013,"27,630"
03/05/2013,"28,649"
04/05/2013,"23,534"
05/05/2013,"25,692"
06/05/2013,"27,971"
07/05/2013,"27,932"
08/05/2013,"27,828"
09/05/2013,"25,431"
10/05/2013,"26,629"
11/05/2013,"23,548"
12/05/2013,"26,917"
13/05/2013,"29,148"
14/05/2013,"28,098"
15/05/2013,"29,008"
16/05/2013,"29,627"
17/05/2013,"29,564"
18/05/2013,"24,179"
19/05/2013,"24,890"
20/05/2013,"27,401"
21/05/2013,"28,616"
22/05/2013,"29,485"
23/05/2013,"30,010"
24/05/2013,"30,833"
25/05/2013,"25,123"
26/05/2013,"26,943"
27/05/2013,"29,580"
28/05/2013,"29,140"
29/05/2013,"29,571"
30/05/2013,"29,485"
31/05/2013,"30,162"
01/06/2013,"25,594"
02/06/2013,"27,845"
03/06/2013,"30,491"
04/06/2013,"29,903"
05/06/2013,"30,350"
06/06/2013,"30,503"
07/06/2013,"31,360"
08/06/2013,"25,831"
09/06/2013,"27,479"
10/06/2013,"30,871"
11/06/2013,"28,289"
12/06/2013,"28,006"
13/06/2013,"31,165"
14/06/2013,"32,288"
15/06/2013,"26,452"
16/06/2013,"28,278"
17/06/2013,"30,912"
18/06/2013,"30,581"
19/06/2013,"30,952"
20/06/2013,"31,539"
21/06/2013,"31,867"
22/06/2013,"26,908"
23/06/2013,"28,232"
24/06/2013,"31,113"
25/06/2013,"30,901"
26/06/2013,"31,328"
27/06/2013,"31,715"
28/06/2013,"32,646"
29/06/2013,"27,384"
30/06/2013,"28,863"
01/07/2013,"31,532"
02/07/2013,"30,681"
03/07/2013,"30,986"
04/07/2013,"31,470"
05/07/2013,"32,327"
06/07/2013,"27,426"
07/07/2013,"28,806"
08/07/2013,"31,088"
09/07/2013,"30,277"
10/07/2013,"30,524"
11/07/2013,"30,792"
12/07/2013,"31,801"
13/07/2013,"27,331"
14/07/2013,"28,457"
15/07/2013,"30,607"
16/07/2013,"29,849"
17/07/2013,"30,122"
18/07/2013,"30,624"
19/07/2013,"31,529"
20/07/2013,"27,555"
21/07/2013,"28,416"
22/07/2013,"30,244"
23/07/2013,"29,660"
24/07/2013,"30,039"
25/07/2013,"30,852"
26/07/2013,"31,348"
27/07/2013,"27,620"
28/07/2013,"28,533"
29/07/2013,"30,059"
30/07/2013,"29,654"
31/07/2013,"29,952"
01/08/2013,"30,226"
02/08/2013,"30,885"
03/08/2013,"27,428"
04/08/2013,"28,239"
05/08/2013,"29,757"
06/08/2013,"29,019"
07/08/2013,"29,507"
08/08/2013,"30,008"
09/08/2013,"30,854"
10/08/2013,"27,794"
11/08/2013,"28,619"
12/08/2013,"30,123"
13/08/2013,"29,400"
14/08/2013,"29,856"
15/08/2013,"29,340"
16/08/2013,"30,639"
17/08/2013,"27,390"
18/08/2013,"28,720"
19/08/2013,"30,355"
20/08/2013,"29,980"
21/08/2013,"30,402"
22/08/2013,"30,721"
23/08/2013,"31,760"
24/08/2013,"27,313"
25/08/2013,"29,085"
26/08/2013,"30,914"
27/08/2013,"30,710"
28/08/2013,"31,101"
29/08/2013,"31,587"
30/08/2013,"32,411"
31/08/2013,"27,920"
01/09/2013,"29,271"
02/09/2013,"31,675"
03/09/2013,"30,837"
04/09/2013,"31,008"
05/09/2013,"31,265"
06/09/2013,"31,773"
07/09/2013,"26,903"
08/09/2013,"28,641"
09/09/2013,"31,145"
10/09/2013,"30,463"
11/09/2013,"30,814"
12/09/2013,"31,496"
13/09/2013,"32,138"
14/09/2013,"26,354"
15/09/2013,"28,266"
16/09/2013,"30,788"
17/09/2013,"30,096"
18/09/2013,"30,619"
19/09/2013,"31,138"
20/09/2013,"31,972"
21/09/2013,"25,959"
22/09/2013,"27,811"
23/09/2013,"30,311"
24/09/2013,"29,730"
25/09/2013,"30,373"
26/09/2013,"31,000"
27/09/2013,"31,683"
28/09/2013,"25,600"
29/09/2013,"27,561"
30/09/2013,"30,329"
01/10/2013,"29,053"
02/10/2013,"29,604"
03/10/2013,"29,250"
04/10/2013,"29,961"
05/10/2013,"24,400"
06/10/2013,"26,881"
07/10/2013,"29,094"
08/10/2013,"28,435"
09/10/2013,"28,953"
10/10/2013,"28,834"
11/10/2013,"30,109"
12/10/2013,"23,953"
13/10/2013,"26,085"
14/10/2013,"28,709"
15/10/2013,"28,060"
16/10/2013,"28,413"
17/10/2013,"29,233"
18/10/2013,"29,516"
19/10/2013,"23,869"
20/10/2013,"25,880"
21/10/2013,"28,705"
22/10/2013,"27,622"
23/10/2013,"27,970"
24/10/2013,"28,933"
25/10/2013,"29,622"
26/10/2013,"23,301"
27/10/2013,"24,053"
28/10/2013,"25,901"
29/10/2013,"25,881"
30/10/2013,"26,745"
31/10/2013,"27,249"
01/11/2013,"25,601"
02/11/2013,"20,573"
03/11/2013,"23,961"
04/11/2013,"26,432"
05/11/2013,"25,220"
06/11/2013,"25,479"
07/11/2013,"25,914"
08/11/2013,"26,623"
09/11/2013,"19,077"
10/11/2013,"21,691"
11/11/2013,"24,581"
12/11/2013,"24,368"
13/11/2013,"25,120"
14/11/2013,"25,406"
15/11/2013,"26,029"
16/11/2013,"18,652"
17/11/2013,"21,774"
18/11/2013,"24,879"
19/11/2013,"23,941"
20/11/2013,"24,767"
21/11/2013,"25,085"
22/11/2013,"25,911"
23/11/2013,"18,440"
24/11/2013,"21,523"
25/11/2013,"25,013"
26/11/2013,"23,933"
27/11/2013,"24,750"
28/11/2013,"25,114"
29/11/2013,"25,782"
30/11/2013,"18,313"
01/12/2013,"21,412"
02/12/2013,"24,981"
03/12/2013,"23,645"
04/12/2013,"24,412"
05/12/2013,"23,567"
06/12/2013,"24,094"
07/12/2013,"18,160"
08/12/2013,"21,592"
09/12/2013,"24,860"
10/12/2013,"23,826"
11/12/2013,"23,470"
12/12/2013,"24,653"
13/12/2013,"25,630"
14/12/2013,"18,776"
15/12/2013,"21,463"
16/12/2013,"24,555"
17/12/2013,"24,096"
18/12/2013,"25,058"
19/12/2013,"25,741"
20/12/2013,"26,394"
21/12/2013,"20,842"
22/12/2013,"22,060"
23/12/2013,"22,075"
24/12/2013,"15,175"
25/12/2013,"10,284"
26/12/2013,"18,449"
27/12/2013,"22,252"
28/12/2013,"19,803"
29/12/2013,"21,106"
30/12/2013,"21,191"
31/12/2013,"14,570"
01/01/2014,"15,494"
02/01/2014,"21,957"
03/01/2014,"22,882"
04/01/2014,"19,637"
05/01/2014,"21,788"
06/01/2014,"22,825"
07/01/2014,"22,243"
08/01/2014,"23,104"
09/01/2014,"23,436"
10/01/2014,"24,389"
11/01/2014,"18,608"
12/01/2014,"21,311"
13/01/2014,"23,450"
14/01/2014,"22,264"
15/01/2014,"23,018"
16/01/2014,"23,577"
17/01/2014,"24,425"
18/01/2014,"18,041"
19/01/2014,"20,732"
20/01/2014,"23,483"
21/01/2014,"22,424"
22/01/2014,"23,261"
23/01/2014,"23,759"
24/01/2014,"24,769"
25/01/2014,"18,647"
26/01/2014,"20,973"
27/01/2014,"23,625"
28/01/2014,"22,566"
29/01/2014,"22,916"
30/01/2014,"23,481"
31/01/2014,"24,808"
01/02/2014,"18,264"
02/02/2014,"21,116"
03/02/2014,"23,750"
04/02/2014,"22,818"
05/02/2014,"23,071"
06/02/2014,"24,469"
07/02/2014,"25,088"
08/02/2014,"18,836"
09/02/2014,"21,408"
10/02/2014,"24,084"
11/02/2014,"22,850"
12/02/2014,"23,488"
13/02/2014,"24,345"
14/02/2014,"25,241"
15/02/2014,"19,620"
16/02/2014,"21,831"
17/02/2014,"24,453"
18/02/2014,"23,594"
19/02/2014,"23,921"
20/02/2014,"25,224"
21/02/2014,"25,705"
22/02/2014,"20,062"
23/02/2014,"22,750"
24/02/2014,"24,888"
25/02/2014,"23,730"
26/02/2014,"24,510"
27/02/2014,"25,083"
28/02/2014,"25,811"
01/03/2014,"19,902"
02/03/2014,"22,360"
03/03/2014,"24,583"
04/03/2014,"23,876"
05/03/2014,"24,887"
06/03/2014,"25,674"
07/03/2014,"26,288"
08/03/2014,"20,056"
09/03/2014,"22,653"
10/03/2014,"25,655"
11/03/2014,"24,641"
12/03/2014,"25,397"
13/03/2014,"25,680"
14/03/2014,"26,554"
15/03/2014,"19,913"
16/03/2014,"22,487"
17/03/2014,"25,441"
18/03/2014,"23,938"
19/03/2014,"25,375"
20/03/2014,"26,365"
21/03/2014,"26,888"
22/03/2014,"19,933"
23/03/2014,"22,404"
24/03/2014,"25,432"
25/03/2014,"24,591"
26/03/2014,"25,488"
27/03/2014,"25,656"
28/03/2014,"26,909"
29/03/2014,"20,107"
30/03/2014,"23,722"
31/03/2014,"26,968"
01/04/2014,"26,994"
02/04/2014,"26,544"
03/04/2014,"26,951"
04/04/2014,"27,344"
05/04/2014,"22,033"
06/04/2014,"24,481"
07/04/2014,"27,572"
08/04/2014,"27,034"
09/04/2014,"27,862"
10/04/2014,"28,683"
11/04/2014,"29,333"
12/04/2014,"23,276"
13/04/2014,"24,967"
14/04/2014,"27,025"
15/04/2014,"26,403"
16/04/2014,"27,463"
17/04/2014,"27,462"
18/04/2014,"25,028"
19/04/2014,"21,982"
20/04/2014,"22,738"
21/04/2014,"24,923"
22/04/2014,"27,595"
23/04/2014,"27,766"
24/04/2014,"28,515"
25/04/2014,"28,815"
26/04/2014,"23,893"
27/04/2014,"26,100"
28/04/2014,"28,407"
29/04/2014,"28,134"
30/04/2014,"28,987"
01/05/2014,"26,100"
02/05/2014,"26,849"
03/05/2014,"23,375"
04/05/2014,"26,627"
05/05/2014,"28,732"
06/05/2014,"28,478"
07/05/2014,"28,945"
08/05/2014,"29,325"
09/05/2014,"29,419"
10/05/2014,"24,299"
11/05/2014,"26,777"
12/05/2014,"29,447"
13/05/2014,"28,586"
14/05/2014,"29,506"
15/05/2014,"29,796"
16/05/2014,"30,452"
17/05/2014,"24,637"
18/05/2014,"26,941"
19/05/2014,"29,783"
20/05/2014,"29,328"
21/05/2014,"29,626"
22/05/2014,"30,563"
23/05/2014,"31,584"
24/05/2014,"25,649"
25/05/2014,"27,652"
26/05/2014,"29,777"
27/05/2014,"29,659"
28/05/2014,"30,380"
29/05/2014,"27,973"
30/05/2014,"28,438"
31/05/2014,"25,712"
01/06/2014,"28,773"
02/06/2014,"30,950"
03/06/2014,"30,365"
04/06/2014,"30,591"
05/06/2014,"31,463"
06/06/2014,"32,141"
07/06/2014,"26,623"
08/06/2014,"27,377"
09/06/2014,"29,317"
10/06/2014,"30,817"
11/06/2014,"31,091"
12/06/2014,"32,217"
13/06/2014,"32,439"
14/06/2014,"26,987"
15/06/2014,"29,108"
16/06/2014,"31,682"
17/06/2014,"31,038"
18/06/2014,"31,745"
19/06/2014,"31,338"
20/06/2014,"31,795"
21/06/2014,"27,290"
22/06/2014,"29,120"
23/06/2014,"31,522"
24/06/2014,"29,854"
25/06/2014,"30,677"
26/06/2014,"32,562"
27/06/2014,"33,411"
28/06/2014,"27,911"
29/06/2014,"29,125"
30/06/2014,"31,464"
01/07/2014,"31,113"
02/07/2014,"31,186"
03/07/2014,"32,194"
04/07/2014,"32,359"
05/07/2014,"27,829"
06/07/2014,"29,222"
07/07/2014,"31,124"
08/07/2014,"30,364"
09/07/2014,"30,796"
10/07/2014,"31,763"
11/07/2014,"32,381"
12/07/2014,"27,900"
13/07/2014,"28,625"
14/07/2014,"30,681"
15/07/2014,"30,751"
16/07/2014,"31,017"
17/07/2014,"31,671"
18/07/2014,"32,343"
19/07/2014,"27,865"
20/07/2014,"29,020"
21/07/2014,"31,078"
22/07/2014,"30,352"
23/07/2014,"31,008"
24/07/2014,"31,403"
25/07/2014,"32,415"
26/07/2014,"28,428"
27/07/2014,"29,379"
28/07/2014,"30,710"
29/07/2014,"30,595"
30/07/2014,"31,072"
31/07/2014,"31,786"
01/08/2014,"32,431"
02/08/2014,"28,503"
03/08/2014,"29,303"
04/08/2014,"30,717"
05/08/2014,"30,080"
06/08/2014,"30,399"
07/08/2014,"30,792"
08/08/2014,"31,706"
09/08/2014,"28,220"
10/08/2014,"29,154"
11/08/2014,"30,608"
12/08/2014,"30,198"
13/08/2014,"30,265"
14/08/2014,"30,815"
15/08/2014,"30,859"
16/08/2014,"28,040"
17/08/2014,"29,425"
18/08/2014,"31,045"
19/08/2014,"30,595"
20/08/2014,"30,853"
21/08/2014,"31,330"
22/08/2014,"32,121"
23/08/2014,"28,189"
24/08/2014,"29,770"
25/08/2014,"31,484"
26/08/2014,"31,437"
27/08/2014,"31,907"
28/08/2014,"32,413"
29/08/2014,"32,950"
30/08/2014,"28,715"
31/08/2014,"30,116"
01/09/2014,"32,166"
02/09/2014,"31,438"
03/09/2014,"31,628"
04/09/2014,"32,339"
05/09/2014,"32,975"
06/09/2014,"27,005"
07/09/2014,"29,497"
08/09/2014,"31,620"
09/09/2014,"31,098"
10/09/2014,"31,362"
11/09/2014,"32,037"
12/09/2014,"32,792"
13/09/2014,"27,049"
14/09/2014,"29,151"
15/09/2014,"30,871"
16/09/2014,"29,867"
17/09/2014,"30,336"
18/09/2014,"30,888"
19/09/2014,"31,682"
20/09/2014,"25,945"
21/09/2014,"27,992"
22/09/2014,"30,543"
23/09/2014,"30,133"
24/09/2014,"30,254"
25/09/2014,"31,022"
26/09/2014,"31,630"
27/09/2014,"25,866"
28/09/2014,"28,056"
29/09/2014,"30,294"
30/09/2014,"29,773"
01/10/2014,"29,957"
02/10/2014,"30,946"
03/10/2014,"30,471"
04/10/2014,"24,727"
05/10/2014,"27,293"
06/10/2014,"29,466"
07/10/2014,"28,779"
08/10/2014,"29,202"
09/10/2014,"29,838"
10/10/2014,"30,546"
11/10/2014,"24,560"
12/10/2014,"26,773"
13/10/2014,"29,139"
14/10/2014,"28,606"
15/10/2014,"28,885"
16/10/2014,"29,520"
17/10/2014,"30,490"
18/10/2014,"24,464"
19/10/2014,"26,628"
20/10/2014,"28,550"
21/10/2014,"26,893"
22/10/2014,"28,244"
23/10/2014,"29,215"
24/10/2014,"29,873"
25/10/2014,"23,758"
26/10/2014,"24,660"
27/10/2014,"27,128"
28/10/2014,"26,179"
29/10/2014,"26,564"
30/10/2014,"27,270"
31/10/2014,"27,670"
01/11/2014,"21,203"
02/11/2014,"24,118"
03/11/2014,"26,484"
04/11/2014,"25,401"
05/11/2014,"25,886"
06/11/2014,"26,159"
07/11/2014,"26,836"
08/11/2014,"19,560"
09/11/2014,"22,310"
10/11/2014,"25,039"
11/11/2014,"24,055"
12/11/2014,"25,095"
13/11/2014,"25,954"
14/11/2014,"26,514"
15/11/2014,"18,852"
16/11/2014,"22,184"
17/11/2014,"25,598"
18/11/2014,"24,458"
19/11/2014,"24,891"
20/11/2014,"25,910"
21/11/2014,"26,532"
22/11/2014,"18,773"
23/11/2014,"22,035"
24/11/2014,"25,335"
25/11/2014,"24,026"
26/11/2014,"24,247"
27/11/2014,"24,825"
28/11/2014,"25,834"
29/11/2014,"18,467"
30/11/2014,"21,613"
01/12/2014,"24,518"
02/12/2014,"22,705"
03/12/2014,"24,261"
04/12/2014,"25,092"
05/12/2014,"26,277"
06/12/2014,"18,569"
07/12/2014,"21,231"
08/12/2014,"24,429"
09/12/2014,"24,202"
10/12/2014,"24,220"
11/12/2014,"24,988"
12/12/2014,"24,907"
13/12/2014,"19,244"
14/12/2014,"21,786"
15/12/2014,"24,058"
16/12/2014,"24,245"
17/12/2014,"25,008"
18/12/2014,"26,052"
19/12/2014,"26,912"
20/12/2014,"21,263"
21/12/2014,"22,709"
22/12/2014,"23,426"
23/12/2014,"22,528"
24/12/2014,"16,208"
25/12/2014,"10,965"
26/12/2014,"19,650"
27/12/2014,"19,312"
28/12/2014,"21,475"
29/12/2014,"21,698"
30/12/2014,"21,232"
31/12/2014,"15,615"
01/01/2015,"15,718"
02/01/2015,"22,550"
03/01/2015,"20,727"
04/01/2015,"22,475"
05/01/2015,"23,072"
06/01/2015,"21,839"
07/01/2015,"21,875"
08/01/2015,"22,911"
09/01/2015,"23,798"
10/01/2015,"18,557"
11/01/2015,"21,570"
12/01/2015,"23,600"
13/01/2015,"22,334"
14/01/2015,"22,580"
15/01/2015,"23,613"
16/01/2015,"24,589"
17/01/2015,"18,371"
18/01/2015,"21,100"
19/01/2015,"23,689"
20/01/2015,"22,720"
21/01/2015,"23,319"
22/01/2015,"23,842"
23/01/2015,"25,104"
24/01/2015,"18,470"
25/01/2015,"21,355"
26/01/2015,"23,940"
27/01/2015,"22,765"
28/01/2015,"22,891"
29/01/2015,"23,394"
30/01/2015,"24,781"
31/01/2015,"18,420"
01/02/2015,"20,938"
02/02/2015,"23,990"
03/02/2015,"22,704"
04/02/2015,"23,418"
05/02/2015,"24,238"
06/02/2015,"25,400"
07/02/2015,"18,875"
08/02/2015,"21,714"
09/02/2015,"24,203"
10/02/2015,"23,305"
11/02/2015,"23,791"
12/02/2015,"24,903"
13/02/2015,"25,794"
14/02/2015,"20,038"
15/02/2015,"22,003"
16/02/2015,"24,195"
17/02/2015,"23,055"
18/02/2015,"23,276"
19/02/2015,"24,568"
20/02/2015,"25,698"
21/02/2015,"19,885"
22/02/2015,"22,601"
23/02/2015,"24,645"
24/02/2015,"23,526"
25/02/2015,"24,395"
26/02/2015,"25,329"
27/02/2015,"25,997"
28/02/2015,"19,907"
01/03/2015,"22,433"
02/03/2015,"25,040"
03/03/2015,"24,380"
04/03/2015,"24,717"
05/03/2015,"25,526"
06/03/2015,"26,245"
07/03/2015,"19,818"
08/03/2015,"22,469"
09/03/2015,"25,501"
10/03/2015,"24,679"
11/03/2015,"25,150"
12/03/2015,"26,192"
13/03/2015,"26,679"
14/03/2015,"20,059"
15/03/2015,"22,652"
16/03/2015,"25,637"
17/03/2015,"24,919"
18/03/2015,"24,795"
19/03/2015,"26,509"
20/03/2015,"25,742"
21/03/2015,"20,170"
22/03/2015,"23,013"
23/03/2015,"25,936"
24/03/2015,"24,928"
25/03/2015,"25,471"
26/03/2015,"26,266"
27/03/2015,"27,400"
28/03/2015,"21,161"
29/03/2015,"24,469"
30/03/2015,"26,686"
31/03/2015,"25,334"
01/04/2015,"26,991"
02/04/2015,"27,449"
03/04/2015,"25,450"
04/04/2015,"22,085"
05/04/2015,"23,092"
06/04/2015,"25,162"
07/04/2015,"27,298"
08/04/2015,"25,639"
09/04/2015,"25,914"
10/04/2015,"28,804"
11/04/2015,"23,480"
12/04/2015,"25,684"
13/04/2015,"28,433"
14/04/2015,"27,995"
15/04/2015,"28,406"
16/04/2015,"28,978"
17/04/2015,"29,230"
18/04/2015,"23,394"
19/04/2015,"25,706"
20/04/2015,"28,520"
21/04/2015,"27,833"
22/04/2015,"28,390"
23/04/2015,"29,164"
24/04/2015,"29,709"
25/04/2015,"23,285"
26/04/2015,"25,736"
27/04/2015,"28,504"
28/04/2015,"28,241"
29/04/2015,"28,959"
30/04/2015,"30,009"
01/05/2015,"26,421"
02/05/2015,"23,421"
03/05/2015,"26,694"
04/05/2015,"28,971"
05/05/2015,"28,620"
06/05/2015,"28,985"
07/05/2015,"29,683"
08/05/2015,"29,512"
09/05/2015,"24,311"
10/05/2015,"26,946"
11/05/2015,"29,590"
12/05/2015,"29,105"
13/05/2015,"30,083"
14/05/2015,"27,398"
15/05/2015,"27,807"
16/05/2015,"24,534"
17/05/2015,"27,603"
18/05/2015,"30,227"
19/05/2015,"29,232"
20/05/2015,"29,974"
21/05/2015,"31,162"
22/05/2015,"32,109"
23/05/2015,"25,896"
24/05/2015,"26,461"
25/05/2015,"28,571"
26/05/2015,"29,692"
27/05/2015,"30,039"
28/05/2015,"31,099"
29/05/2015,"31,852"
30/05/2015,"26,182"
31/05/2015,"28,139"
01/06/2015,"30,400"
02/06/2015,"30,332"
03/06/2015,"31,098"
04/06/2015,"31,086"
05/06/2015,"31,560"
06/06/2015,"26,875"
07/06/2015,"29,423"
08/06/2015,"31,551"
09/06/2015,"31,004"
10/06/2015,"31,394"
11/06/2015,"32,538"
12/06/2015,"32,688"
13/06/2015,"27,183"
14/06/2015,"29,355"
15/06/2015,"31,914"
16/06/2015,"31,219"
17/06/2015,"31,857"
18/06/2015,"32,331"
19/06/2015,"32,328"
20/06/2015,"27,426"
21/06/2015,"29,054"
22/06/2015,"31,535"
23/06/2015,"31,015"
24/06/2015,"31,437"
25/06/2015,"32,576"
26/06/2015,"33,138"
27/06/2015,"27,925"
28/06/2015,"29,510"
29/06/2015,"31,758"
30/06/2015,"31,370"
01/07/2015,"31,988"
02/07/2015,"32,317"
03/07/2015,"32,715"
04/07/2015,"28,095"
05/07/2015,"29,324"
06/07/2015,"31,525"
07/07/2015,"31,131"
08/07/2015,"31,245"
09/07/2015,"32,121"
10/07/2015,"32,991"
11/07/2015,"28,539"
12/07/2015,"29,526"
13/07/2015,"31,014"
14/07/2015,"30,855"
15/07/2015,"31,887"
16/07/2015,"32,661"
17/07/2015,"33,072"
18/07/2015,"28,741"
19/07/2015,"30,019"
20/07/2015,"32,146"
21/07/2015,"31,623"
22/07/2015,"31,452"
23/07/2015,"32,299"
24/07/2015,"32,694"
25/07/2015,"28,583"
26/07/2015,"30,002"
27/07/2015,"31,878"
28/07/2015,"31,249"
29/07/2015,"31,396"
30/07/2015,"32,200"
31/07/2015,"33,018"
01/08/2015,"29,361"
02/08/2015,"30,051"
03/08/2015,"31,227"
04/08/2015,"30,542"
05/08/2015,"31,165"
06/08/2015,"31,539"
07/08/2015,"32,229"
08/08/2015,"28,914"
09/08/2015,"29,889"
10/08/2015,"31,172"
11/08/2015,"30,669"
12/08/2015,"30,814"
13/08/2015,"31,042"
14/08/2015,"31,998"
15/08/2015,"28,754"
16/08/2015,"30,093"
17/08/2015,"31,651"
18/08/2015,"31,220"
19/08/2015,"31,409"
20/08/2015,"32,265"
21/08/2015,"32,769"
22/08/2015,"29,159"
23/08/2015,"30,301"
24/08/2015,"32,111"
25/08/2015,"31,929"
26/08/2015,"32,293"
27/08/2015,"32,823"
28/08/2015,"33,548"
29/08/2015,"29,213"
30/08/2015,"30,633"
31/08/2015,"32,486"
01/09/2015,"31,891"
02/09/2015,"32,123"
03/09/2015,"32,862"
04/09/2015,"33,136"
05/09/2015,"27,968"
06/09/2015,"29,892"
07/09/2015,"32,479"
08/09/2015,"31,718"
09/09/2015,"31,132"
10/09/2015,"32,848"
11/09/2015,"33,287"
12/09/2015,"27,542"
13/09/2015,"29,548"
14/09/2015,"31,660"
15/09/2015,"31,271"
16/09/2015,"31,438"
17/09/2015,"32,442"
18/09/2015,"33,035"
19/09/2015,"27,110"
20/09/2015,"29,110"
21/09/2015,"31,609"
22/09/2015,"30,924"
23/09/2015,"31,254"
24/09/2015,"32,018"
25/09/2015,"32,398"
26/09/2015,"26,756"
27/09/2015,"29,127"
28/09/2015,"31,394"
29/09/2015,"30,616"
30/09/2015,"30,987"
01/10/2015,"31,444"
02/10/2015,"31,568"
03/10/2015,"25,816"
04/10/2015,"28,184"
05/10/2015,"30,293"
06/10/2015,"29,312"
07/10/2015,"29,627"
08/10/2015,"30,585"
09/10/2015,"31,138"
10/10/2015,"24,991"
11/10/2015,"27,213"
12/10/2015,"29,753"
13/10/2015,"29,052"
14/10/2015,"29,105"
15/10/2015,"29,974"
16/10/2015,"30,505"
17/10/2015,"24,737"
18/10/2015,"27,111"
19/10/2015,"29,549"
20/10/2015,"28,541"
21/10/2015,"28,920"
22/10/2015,"29,688"
23/10/2015,"30,409"
24/10/2015,"24,203"
25/10/2015,"25,025"
26/10/2015,"27,678"
27/10/2015,"26,548"
28/10/2015,"27,075"
29/10/2015,"27,905"
30/10/2015,"28,695"
31/10/2015,"22,188"
01/11/2015,"23,918"
02/11/2015,"25,855"
03/11/2015,"25,650"
04/11/2015,"25,980"
05/11/2015,"26,646"
06/11/2015,"27,288"
07/11/2015,"19,830"
08/11/2015,"23,349"
09/11/2015,"25,311"
10/11/2015,"25,048"
11/11/2015,"24,105"
12/11/2015,"25,382"
13/11/2015,"25,975"
14/11/2015,"19,350"
15/11/2015,"22,797"
16/11/2015,"26,137"
17/11/2015,"24,713"
18/11/2015,"25,288"
19/11/2015,"26,084"
20/11/2015,"26,733"
21/11/2015,"18,829"
22/11/2015,"22,337"
23/11/2015,"25,687"
24/11/2015,"24,288"
25/11/2015,"24,940"
26/11/2015,"25,840"
27/11/2015,"26,321"
28/11/2015,"18,696"
29/11/2015,"22,245"
30/11/2015,"25,493"
01/12/2015,"24,297"
02/12/2015,"25,013"
03/12/2015,"25,884"
04/12/2015,"26,777"
05/12/2015,"18,769"
06/12/2015,"21,899"
07/12/2015,"24,903"
08/12/2015,"24,554"
09/12/2015,"25,232"
10/12/2015,"25,630"
11/12/2015,"26,521"
12/12/2015,"19,408"
13/12/2015,"22,366"
14/12/2015,"25,653"
15/12/2015,"24,628"
16/12/2015,"25,403"
17/12/2015,"26,426"
18/12/2015,"27,527"
19/12/2015,"21,678"
20/12/2015,"23,230"
21/12/2015,"24,486"
22/12/2015,"23,984"
23/12/2015,"24,263"
24/12/2015,"17,214"
25/12/2015,"11,937"
26/12/2015,"18,794"
27/12/2015,"22,440"
28/12/2015,"22,766"
29/12/2015,"22,132"
30/12/2015,"22,355"
31/12/2015,"16,435"
01/01/2016,"16,582"
02/01/2016,"21,005"
03/01/2016,"23,633"
04/01/2016,"23,877"
05/01/2016,"22,387"
06/01/2016,"22,453"
07/01/2016,"23,133"
08/01/2016,"24,273"
09/01/2016,"19,311"
10/01/2016,"21,975"
11/01/2016,"23,953"
12/01/2016,"22,572"
13/01/2016,"23,187"
14/01/2016,"23,939"
15/01/2016,"24,813"
16/01/2016,"18,717"
17/01/2016,"21,360"
18/01/2016,"23,782"
19/01/2016,"22,696"
20/01/2016,"23,675"
21/01/2016,"24,138"
22/01/2016,"25,635"
23/01/2016,"18,546"
24/01/2016,"21,446"
25/01/2016,"24,271"
26/01/2016,"22,043"
27/01/2016,"23,688"
28/01/2016,"24,807"
29/01/2016,"25,472"
30/01/2016,"18,919"
31/01/2016,"21,731"
01/02/2016,"24,517"
02/02/2016,"23,398"
03/02/2016,"23,846"
04/02/2016,"24,895"
05/02/2016,"26,322"
06/02/2016,"19,745"
07/02/2016,"22,032"
08/02/2016,"24,348"
09/02/2016,"23,181"
10/02/2016,"24,213"
11/02/2016,"25,252"
12/02/2016,"26,373"
13/02/2016,"20,316"
14/02/2016,"22,568"
15/02/2016,"25,163"
16/02/2016,"24,125"
17/02/2016,"24,669"
18/02/2016,"25,319"
19/02/2016,"26,601"
20/02/2016,"20,580"
21/02/2016,"23,359"
22/02/2016,"25,533"
23/02/2016,"24,356"
24/02/2016,"24,849"
25/02/2016,"25,916"
26/02/2016,"26,872"
27/02/2016,"20,562"
28/02/2016,"23,047"
29/02/2016,"25,454"
01/03/2016,"24,488"
02/03/2016,"25,035"
03/03/2016,"25,798"
04/03/2016,"26,794"
05/03/2016,"20,519"
06/03/2016,"23,088"
07/03/2016,"25,952"
08/03/2016,"24,998"
09/03/2016,"25,512"
10/03/2016,"26,693"
11/03/2016,"27,579"
12/03/2016,"20,712"
13/03/2016,"23,432"
14/03/2016,"26,513"
15/03/2016,"25,276"
16/03/2016,"25,987"
17/03/2016,"27,536"
18/03/2016,"28,646"
19/03/2016,"22,196"
20/03/2016,"23,002"
21/03/2016,"25,391"
22/03/2016,"24,956"
23/03/2016,"25,879"
24/03/2016,"26,949"
25/03/2016,"24,702"
26/03/2016,"20,964"
27/03/2016,"23,090"
28/03/2016,"25,323"
29/03/2016,"27,284"
30/03/2016,"27,433"
31/03/2016,"27,459"
01/04/2016,"28,848"
02/04/2016,"23,462"
03/04/2016,"25,892"
04/04/2016,"28,298"
05/04/2016,"27,616"
06/04/2016,"28,076"
07/04/2016,"28,035"
08/04/2016,"29,292"
09/04/2016,"22,750"
10/04/2016,"25,889"
11/04/2016,"28,713"
12/04/2016,"27,794"
13/04/2016,"28,183"
14/04/2016,"29,179"
15/04/2016,"29,701"
16/04/2016,"23,195"
17/04/2016,"25,945"
18/04/2016,"28,926"
19/04/2016,"28,052"
20/04/2016,"28,509"
21/04/2016,"29,514"
22/04/2016,"30,090"
23/04/2016,"23,546"
24/04/2016,"26,008"
25/04/2016,"28,871"
26/04/2016,"28,230"
27/04/2016,"27,638"
28/04/2016,"29,478"
29/04/2016,"30,785"
30/04/2016,"24,723"
01/05/2016,"26,798"
02/05/2016,"29,530"
03/05/2016,"29,276"
04/05/2016,"29,975"
05/05/2016,"27,831"
06/05/2016,"28,031"
07/05/2016,"24,574"
08/05/2016,"28,297"
09/05/2016,"30,293"
10/05/2016,"29,612"
11/05/2016,"29,841"
12/05/2016,"30,707"
13/05/2016,"31,477"
14/05/2016,"25,477"
15/05/2016,"26,758"
16/05/2016,"29,031"
17/05/2016,"29,563"
18/05/2016,"30,466"
19/05/2016,"30,490"
20/05/2016,"31,710"
21/05/2016,"25,861"
22/05/2016,"28,268"
23/05/2016,"30,631"
24/05/2016,"30,290"
25/05/2016,"31,198"
26/05/2016,"30,689"
27/05/2016,"32,306"
28/05/2016,"26,925"
29/05/2016,"29,155"
30/05/2016,"31,029"
31/05/2016,"30,704"
01/06/2016,"31,483"
02/06/2016,"31,843"
03/06/2016,"32,422"
04/06/2016,"27,220"
05/06/2016,"29,450"
06/06/2016,"31,386"
07/06/2016,"30,733"
08/06/2016,"31,318"
09/06/2016,"32,446"
10/06/2016,"32,998"
11/06/2016,"27,051"
12/06/2016,"29,055"
13/06/2016,"31,714"
14/06/2016,"30,779"
15/06/2016,"32,012"
16/06/2016,"32,768"
17/06/2016,"33,048"
18/06/2016,"28,130"
19/06/2016,"30,190"
20/06/2016,"32,607"
21/06/2016,"32,053"
22/06/2016,"32,289"
23/06/2016,"32,385"
24/06/2016,"33,073"
25/06/2016,"28,149"
26/06/2016,"30,654"
27/06/2016,"32,450"
28/06/2016,"31,420"
29/06/2016,"32,359"
30/06/2016,"33,370"
01/07/2016,"34,372"
02/07/2016,"29,106"
03/07/2016,"30,787"
04/07/2016,"32,980"
05/07/2016,"31,931"
06/07/2016,"32,931"
07/07/2016,"33,805"
08/07/2016,"34,188"
09/07/2016,"29,738"
10/07/2016,"31,380"
11/07/2016,"33,142"
12/07/2016,"32,216"
13/07/2016,"32,628"
14/07/2016,"32,806"
15/07/2016,"33,533"
16/07/2016,"28,674"
17/07/2016,"31,223"
18/07/2016,"32,909"
19/07/2016,"32,049"
20/07/2016,"32,500"
21/07/2016,"33,105"
22/07/2016,"33,454"
23/07/2016,"29,414"
24/07/2016,"30,964"
25/07/2016,"32,651"
26/07/2016,"32,110"
27/07/2016,"32,220"
28/07/2016,"32,776"
29/07/2016,"33,673"
30/07/2016,"29,682"
31/07/2016,"30,952"
01/08/2016,"32,173"
02/08/2016,"31,248"
03/08/2016,"31,793"
04/08/2016,"32,341"
05/08/2016,"32,839"
06/08/2016,"29,732"
07/08/2016,"30,752"
08/08/2016,"32,157"
09/08/2016,"31,181"
10/08/2016,"31,731"
11/08/2016,"32,008"
12/08/2016,"32,863"
13/08/2016,"29,821"
14/08/2016,"30,765"
15/08/2016,"31,970"
16/08/2016,"31,738"
17/08/2016,"32,151"
18/08/2016,"32,625"
19/08/2016,"33,367"
20/08/2016,"29,584"
21/08/2016,"31,066"
22/08/2016,"32,722"
23/08/2016,"32,429"
24/08/2016,"32,829"
25/08/2016,"33,402"
26/08/2016,"34,187"
27/08/2016,"29,874"
28/08/2016,"31,285"
29/08/2016,"33,345"
30/08/2016,"33,104"
31/08/2016,"33,491"
01/09/2016,"33,655"
02/09/2016,"34,348"
03/09/2016,"29,357"
04/09/2016,"31,185"
05/09/2016,"33,145"
06/09/2016,"32,432"
07/09/2016,"32,979"
08/09/2016,"33,719"
09/09/2016,"34,597"
10/09/2016,"28,980"
11/09/2016,"31,048"
12/09/2016,"32,797"
13/09/2016,"31,935"
14/09/2016,"32,464"
15/09/2016,"32,895"
16/09/2016,"33,960"
17/09/2016,"28,322"
18/09/2016,"30,623"
19/09/2016,"32,660"
20/09/2016,"31,802"
21/09/2016,"32,317"
22/09/2016,"32,732"
23/09/2016,"33,716"
24/09/2016,"27,667"
25/09/2016,"30,096"
26/09/2016,"32,380"
27/09/2016,"31,570"
28/09/2016,"32,100"
29/09/2016,"32,806"
30/09/2016,"33,571"
01/10/2016,"26,876"
02/10/2016,"28,965"
03/10/2016,"30,732"
04/10/2016,"30,115"
05/10/2016,"30,720"
06/10/2016,"31,233"
07/10/2016,"31,929"
08/10/2016,"25,889"
09/10/2016,"28,083"
10/10/2016,"30,655"
11/10/2016,"29,464"
12/10/2016,"29,701"
13/10/2016,"30,825"
14/10/2016,"31,606"
15/10/2016,"25,702"
16/10/2016,"27,965"
17/10/2016,"30,225"
18/10/2016,"29,398"
19/10/2016,"29,907"
20/10/2016,"30,839"
21/10/2016,"31,300"
22/10/2016,"25,587"
23/10/2016,"27,623"
24/10/2016,"29,814"
25/10/2016,"29,189"
26/10/2016,"29,643"
27/10/2016,"29,781"
28/10/2016,"30,802"
29/10/2016,"25,113"
30/10/2016,"25,445"
31/10/2016,"26,771"
01/11/2016,"25,504"
02/11/2016,"26,930"
03/11/2016,"27,550"
04/11/2016,"28,098"
05/11/2016,"21,098"
06/11/2016,"24,398"
07/11/2016,"26,826"
08/11/2016,"25,412"
09/11/2016,"25,750"
10/11/2016,"27,073"
11/11/2016,"27,058"
12/11/2016,"20,082"
13/11/2016,"24,014"
14/11/2016,"26,971"
15/11/2016,"25,300"
16/11/2016,"26,021"
17/11/2016,"27,048"
18/11/2016,"27,659"
19/11/2016,"20,195"
20/11/2016,"23,473"
21/11/2016,"26,277"
22/11/2016,"25,161"
23/11/2016,"24,927"
24/11/2016,"25,781"
25/11/2016,"26,395"
26/11/2016,"19,556"
27/11/2016,"23,410"
28/11/2016,"26,741"
29/11/2016,"24,539"
30/11/2016,"25,147"
01/12/2016,"26,584"
02/12/2016,"27,526"
03/12/2016,"20,164"
04/12/2016,"23,223"
05/12/2016,"26,209"
06/12/2016,"24,655"
07/12/2016,"25,793"
08/12/2016,"26,510"
09/12/2016,"27,179"
10/12/2016,"20,191"
11/12/2016,"23,688"
12/12/2016,"26,429"
13/12/2016,"25,176"
14/12/2016,"25,972"
15/12/2016,"27,150"
16/12/2016,"28,150"
17/12/2016,"21,039"
18/12/2016,"23,656"
19/12/2016,"26,392"
20/12/2016,"25,711"
21/12/2016,"26,264"
22/12/2016,"26,951"
23/12/2016,"26,996"
24/12/2016,"17,917"
25/12/2016,"12,969"
26/12/2016,"21,226"
27/12/2016,"23,185"
28/12/2016,"23,417"
29/12/2016,"23,869"
30/12/2016,"23,782"
31/12/2016,"17,542"
01/01/2017,"19,679"
02/01/2017,"25,366"
03/01/2017,"24,021"
04/01/2017,"23,852"
05/01/2017,"24,569"
06/01/2017,"24,414"
07/01/2017,"19,264"
08/01/2017,"23,102"
09/01/2017,"24,449"
10/01/2017,"22,966"
11/01/2017,"23,785"
12/01/2017,"24,796"
13/01/2017,"25,251"
14/01/2017,"19,726"
15/01/2017,"22,875"
16/01/2017,"25,397"
17/01/2017,"23,501"
18/01/2017,"24,065"
19/01/2017,"25,454"
20/01/2017,"26,785"
21/01/2017,"19,915"
22/01/2017,"22,986"
23/01/2017,"24,779"
24/01/2017,"23,165"
25/01/2017,"24,000"
26/01/2017,"25,306"
27/01/2017,"26,216"
28/01/2017,"19,759"
29/01/2017,"22,953"
30/01/2017,"25,238"
31/01/2017,"23,551"
01/02/2017,"24,246"
02/02/2017,"25,374"
03/02/2017,"26,472"
04/02/2017,"20,154"
05/02/2017,"23,005"
06/02/2017,"25,543"
07/02/2017,"23,985"
08/02/2017,"24,728"
09/02/2017,"26,054"
10/02/2017,"27,165"
11/02/2017,"21,099"
12/02/2017,"23,595"
13/02/2017,"25,814"
14/02/2017,"24,711"
15/02/2017,"25,585"
16/02/2017,"26,221"
17/02/2017,"27,115"
18/02/2017,"21,760"
19/02/2017,"24,452"
20/02/2017,"26,011"
21/02/2017,"24,790"
22/02/2017,"25,677"
23/02/2017,"25,208"
24/02/2017,"27,686"
25/02/2017,"21,737"
26/02/2017,"24,363"
27/02/2017,"26,353"
28/02/2017,"24,737"
01/03/2017,"25,985"
02/03/2017,"26,725"
03/03/2017,"27,601"
04/03/2017,"21,404"
05/03/2017,"24,227"
06/03/2017,"26,320"
07/03/2017,"24,830"
08/03/2017,"25,682"
09/03/2017,"26,847"
10/03/2017,"27,478"
11/03/2017,"21,545"
12/03/2017,"24,556"
13/03/2017,"26,602"
14/03/2017,"25,343"
15/03/2017,"26,533"
16/03/2017,"27,682"
17/03/2017,"28,468"
18/03/2017,"21,416"
19/03/2017,"24,620"
20/03/2017,"26,839"
21/03/2017,"26,072"
22/03/2017,"26,617"
23/03/2017,"27,562"
24/03/2017,"28,331"
25/03/2017,"21,874"
26/03/2017,"26,319"
27/03/2017,"29,051"
28/03/2017,"28,555"
29/03/2017,"29,025"
30/03/2017,"29,786"
31/03/2017,"30,349"
01/04/2017,"24,525"
02/04/2017,"26,937"
03/04/2017,"29,439"
04/04/2017,"28,802"
05/04/2017,"29,040"
06/04/2017,"30,248"
07/04/2017,"30,933"
08/04/2017,"25,616"
09/04/2017,"27,581"
10/04/2017,"29,064"
11/04/2017,"28,224"
12/04/2017,"29,146"
13/04/2017,"29,625"
14/04/2017,"27,717"
15/04/2017,"24,328"
16/04/2017,"25,271"
17/04/2017,"27,862"
18/04/2017,"29,177"
19/04/2017,"29,271"
20/04/2017,"30,246"
21/04/2017,"30,941"
22/04/2017,"25,301"
23/04/2017,"27,772"
24/04/2017,"30,099"
25/04/2017,"29,446"
26/04/2017,"29,923"
27/04/2017,"30,928"
28/04/2017,"32,087"
29/04/2017,"26,164"
30/04/2017,"26,741"
01/05/2017,"28,170"
02/05/2017,"29,906"
03/05/2017,"30,536"
04/05/2017,"31,476"
05/05/2017,"32,096"
06/05/2017,"26,531"
07/05/2017,"28,510"
08/05/2017,"31,008"
09/05/2017,"30,863"
10/05/2017,"31,488"
11/05/2017,"31,874"
12/05/2017,"32,291"
13/05/2017,"26,919"
14/05/2017,"29,260"
15/05/2017,"31,589"
16/05/2017,"30,830"
17/05/2017,"30,837"
18/05/2017,"32,309"
19/05/2017,"32,985"
20/05/2017,"27,455"
21/05/2017,"29,871"
22/05/2017,"32,144"
23/05/2017,"31,618"
24/05/2017,"32,798"
25/05/2017,"30,610"
26/05/2017,"30,978"
27/05/2017,"27,271"
28/05/2017,"30,288"
29/05/2017,"32,361"
30/05/2017,"31,592"
31/05/2017,"32,033"
01/06/2017,"33,323"
02/06/2017,"33,889"
03/06/2017,"28,740"
04/06/2017,"29,837"
05/06/2017,"30,907"
06/06/2017,"31,353"
07/06/2017,"32,270"
08/06/2017,"33,520"
09/06/2017,"34,274"
10/06/2017,"29,131"
11/06/2017,"31,067"
12/06/2017,"33,549"
13/06/2017,"32,753"
14/06/2017,"33,235"
15/06/2017,"33,835"
16/06/2017,"34,427"
17/06/2017,"29,564"
18/06/2017,"31,829"
19/06/2017,"33,861"
20/06/2017,"33,184"
21/06/2017,"33,911"
22/06/2017,"34,638"
23/06/2017,"34,983"
24/06/2017,"30,429"
25/06/2017,"32,220"
26/06/2017,"34,594"
27/06/2017,"33,844"
28/06/2017,"34,044"
29/06/2017,"35,044"
30/06/2017,"35,940"
01/07/2017,"31,552"
02/07/2017,"32,759"
03/07/2017,"34,912"
04/07/2017,"34,236"
05/07/2017,"34,788"
06/07/2017,"35,210"
07/07/2017,"35,558"
08/07/2017,"31,384"
09/07/2017,"32,641"
10/07/2017,"34,493"
11/07/2017,"33,822"
12/07/2017,"34,290"
13/07/2017,"35,172"
14/07/2017,"34,770"
15/07/2017,"31,231"
16/07/2017,"32,900"
17/07/2017,"34,269"
18/07/2017,"33,758"
19/07/2017,"34,029"
20/07/2017,"34,680"
21/07/2017,"35,206"
22/07/2017,"31,164"
23/07/2017,"32,447"
24/07/2017,"34,089"
25/07/2017,"33,585"
26/07/2017,"34,044"
27/07/2017,"34,866"
28/07/2017,"35,415"
29/07/2017,"31,484"
30/07/2017,"32,695"
31/07/2017,"33,977"
01/08/2017,"33,153"
02/08/2017,"33,303"
03/08/2017,"33,880"
04/08/2017,"34,623"
05/08/2017,"31,423"
06/08/2017,"32,369"
07/08/2017,"33,610"
08/08/2017,"32,901"
09/08/2017,"33,148"
10/08/2017,"33,921"
11/08/2017,"34,399"
12/08/2017,"31,344"
13/08/2017,"32,438"
14/08/2017,"33,511"
15/08/2017,"32,627"
16/08/2017,"33,541"
17/08/2017,"34,229"
18/08/2017,"34,694"
19/08/2017,"31,250"
20/08/2017,"32,894"
21/08/2017,"34,428"
22/08/2017,"33,666"
23/08/2017,"34,453"
24/08/2017,"34,883"
25/08/2017,"35,497"
26/08/2017,"31,626"
27/08/2017,"32,875"
28/08/2017,"34,592"
29/08/2017,"34,371"
30/08/2017,"34,756"
31/08/2017,"35,421"
01/09/2017,"35,490"
02/09/2017,"30,882"
03/09/2017,"32,900"
04/09/2017,"34,967"
05/09/2017,"34,388"
06/09/2017,"34,750"
07/09/2017,"35,732"
08/09/2017,"35,900"
09/09/2017,"30,532"
10/09/2017,"32,440"
11/09/2017,"34,316"
12/09/2017,"33,356"
13/09/2017,"34,007"
14/09/2017,"35,103"
15/09/2017,"35,640"
16/09/2017,"30,040"
17/09/2017,"32,172"
18/09/2017,"34,250"
19/09/2017,"33,608"
20/09/2017,"33,964"
21/09/2017,"34,566"
22/09/2017,"35,084"
23/09/2017,"29,782"
24/09/2017,"31,980"
25/09/2017,"33,865"
26/09/2017,"33,173"
27/09/2017,"33,538"
28/09/2017,"34,429"
29/09/2017,"34,916"
30/09/2017,"28,914"
01/10/2017,"31,129"
02/10/2017,"32,281"
03/10/2017,"31,476"
04/10/2017,"32,362"
05/10/2017,"32,265"
06/10/2017,"33,483"
07/10/2017,"27,583"
08/10/2017,"30,245"
09/10/2017,"32,223"
10/10/2017,"29,680"
11/10/2017,"31,860"
12/10/2017,"32,378"
13/10/2017,"33,172"
14/10/2017,"27,512"
15/10/2017,"29,968"
16/10/2017,"31,282"
17/10/2017,"31,149"
18/10/2017,"31,345"
19/10/2017,"32,177"
20/10/2017,"32,754"
21/10/2017,"26,964"
22/10/2017,"29,088"
23/10/2017,"31,324"
24/10/2017,"30,456"
25/10/2017,"31,022"
26/10/2017,"31,750"
27/10/2017,"31,982"
28/10/2017,"26,311"
29/10/2017,"26,449"
30/10/2017,"28,283"
31/10/2017,"26,795"
01/11/2017,"26,615"
02/11/2017,"28,068"
03/11/2017,"28,834"
04/11/2017,"22,686"
05/11/2017,"25,824"
06/11/2017,"28,275"
07/11/2017,"26,730"
08/11/2017,"27,117"
09/11/2017,"27,926"
10/11/2017,"28,675"
11/11/2017,"20,953"
12/11/2017,"24,680"
13/11/2017,"27,456"
14/11/2017,"26,509"
15/11/2017,"26,899"
16/11/2017,"27,751"
17/11/2017,"28,699"
18/11/2017,"20,844"
19/11/2017,"24,465"
20/11/2017,"27,401"
21/11/2017,"25,709"
22/11/2017,"26,571"
23/11/2017,"27,172"
24/11/2017,"28,225"
25/11/2017,"20,594"
26/11/2017,"24,226"
27/11/2017,"27,219"
28/11/2017,"25,983"
29/11/2017,"26,609"
30/11/2017,"27,414"
01/12/2017,"28,150"
02/12/2017,"20,518"
03/12/2017,"23,992"
04/12/2017,"26,903"
05/12/2017,"26,094"
06/12/2017,"26,592"
07/12/2017,"27,270"
08/12/2017,"27,154"
09/12/2017,"20,760"
10/12/2017,"21,994"
11/12/2017,"25,431"
12/12/2017,"26,058"
13/12/2017,"26,593"
14/12/2017,"27,550"
15/12/2017,"28,126"
16/12/2017,"21,480"
17/12/2017,"24,456"
18/12/2017,"26,927"
19/12/2017,"26,653"
20/12/2017,"27,318"
21/12/2017,"28,124"
22/12/2017,"28,453"
23/12/2017,"23,756"
24/12/2017,"18,450"
25/12/2017,"12,993"
26/12/2017,"21,764"
27/12/2017,"24,561"
28/12/2017,"25,270"
29/12/2017,"25,866"
30/12/2017,"22,060"
31/12/2017,"18,314"
01/01/2018,"20,144"
02/01/2018,"25,341"
03/01/2018,"24,606"
04/01/2018,"25,161"
05/01/2018,"25,930"
06/01/2018,"22,353"
07/01/2018,"24,825"
08/01/2018,"26,331"
09/01/2018,"24,994"
10/01/2018,"25,315"
11/01/2018,"25,681"
12/01/2018,"26,867"
13/01/2018,"20,692"
14/01/2018,"23,731"
15/01/2018,"25,864"
16/01/2018,"24,029"
17/01/2018,"24,877"
18/01/2018,"25,316"
19/01/2018,"26,845"
20/01/2018,"20,683"
21/01/2018,"23,908"
22/01/2018,"26,057"
23/01/2018,"25,069"
24/01/2018,"25,436"
25/01/2018,"26,581"
26/01/2018,"27,533"
27/01/2018,"20,809"
28/01/2018,"23,859"
29/01/2018,"26,322"
30/01/2018,"25,435"
31/01/2018,"25,782"
01/02/2018,"26,388"
02/02/2018,"27,444"
03/02/2018,"20,921"
04/02/2018,"24,147"
05/02/2018,"26,399"
06/02/2018,"24,908"
07/02/2018,"25,394"
08/02/2018,"26,789"
09/02/2018,"27,918"
10/02/2018,"22,268"
11/02/2018,"24,268"
12/02/2018,"26,267"
13/02/2018,"25,555"
14/02/2018,"26,250"
15/02/2018,"26,917"
16/02/2018,"28,349"
17/02/2018,"22,497"
18/02/2018,"25,136"
19/02/2018,"27,011"
20/02/2018,"26,023"
21/02/2018,"26,616"
22/02/2018,"27,040"
23/02/2018,"28,349"
24/02/2018,"22,632"
25/02/2018,"25,157"
26/02/2018,"26,844"
27/02/2018,"25,783"
28/02/2018,"25,086"
01/03/2018,"24,599"
02/03/2018,"25,424"
03/03/2018,"21,817"
04/03/2018,"25,287"
05/03/2018,"27,602"
06/03/2018,"26,489"
07/03/2018,"27,274"
08/03/2018,"27,683"
09/03/2018,"28,865"
10/03/2018,"22,691"
11/03/2018,"25,417"
12/03/2018,"28,000"
13/03/2018,"27,022"
14/03/2018,"27,764"
15/03/2018,"28,636"
16/03/2018,"29,169"
17/03/2018,"22,162"
18/03/2018,"24,857"
19/03/2018,"28,068"
20/03/2018,"27,157"
21/03/2018,"27,735"
22/03/2018,"27,338"
23/03/2018,"29,762"
24/03/2018,"23,776"
25/03/2018,"27,652"
26/03/2018,"29,941"
27/03/2018,"29,157"
28/03/2018,"30,157"
29/03/2018,"30,631"
30/03/2018,"28,311"
31/03/2018,"25,154"
01/04/2018,"26,285"
02/04/2018,"28,482"
03/04/2018,"29,639"
04/04/2018,"30,047"
05/04/2018,"31,015"
06/04/2018,"31,432"
07/04/2018,"26,012"
08/04/2018,"28,323"
09/04/2018,"31,094"
10/04/2018,"29,201"
11/04/2018,"30,348"
12/04/2018,"31,295"
13/04/2018,"31,786"
14/04/2018,"26,349"
15/04/2018,"28,733"
16/04/2018,"31,340"
17/04/2018,"30,345"
18/04/2018,"30,938"
19/04/2018,"31,746"
20/04/2018,"32,356"
21/04/2018,"26,415"
22/04/2018,"28,909"
23/04/2018,"31,282"
24/04/2018,"30,652"
25/04/2018,"31,157"
26/04/2018,"32,266"
27/04/2018,"33,137"
28/04/2018,"27,475"
29/04/2018,"28,482"
30/04/2018,"29,551"
01/05/2018,"29,206"
02/05/2018,"31,874"
03/05/2018,"32,240"
04/05/2018,"33,167"
05/05/2018,"28,033"
06/05/2018,"29,973"
07/05/2018,"31,716"
08/05/2018,"30,145"
09/05/2018,"32,312"
10/05/2018,"30,706"
11/05/2018,"31,435"
12/05/2018,"27,929"
13/05/2018,"30,912"
14/05/2018,"32,905"
15/05/2018,"31,793"
16/05/2018,"32,297"
17/05/2018,"32,577"
18/05/2018,"34,288"
19/05/2018,"28,544"
20/05/2018,"29,521"
21/05/2018,"31,809"
22/05/2018,"30,634"
23/05/2018,"32,729"
24/05/2018,"33,304"
25/05/2018,"34,884"
26/05/2018,"29,452"
27/05/2018,"30,897"
28/05/2018,"33,239"
29/05/2018,"31,922"
30/05/2018,"33,043"
31/05/2018,"32,721"
01/06/2018,"33,986"
02/06/2018,"29,875"
03/06/2018,"32,127"
04/06/2018,"33,909"
05/06/2018,"33,013"
06/06/2018,"33,310"
07/06/2018,"34,393"
08/06/2018,"34,625"
09/06/2018,"30,119"
10/06/2018,"31,969"
11/06/2018,"34,485"
12/06/2018,"34,128"
13/06/2018,"35,092"
14/06/2018,"36,168"
15/06/2018,"36,623"
16/06/2018,"31,154"
17/06/2018,"33,244"
18/06/2018,"35,894"
19/06/2018,"35,083"
20/06/2018,"35,736"
21/06/2018,"36,080"
22/06/2018,"36,400"
23/06/2018,"31,392"
24/06/2018,"33,410"
25/06/2018,"35,932"
26/06/2018,"35,101"
27/06/2018,"35,770"
28/06/2018,"36,594"
29/06/2018,"36,825"
30/06/2018,"32,344"
01/07/2018,"33,874"
02/07/2018,"35,821"
03/07/2018,"35,129"
04/07/2018,"35,703"
05/07/2018,"36,159"
06/07/2018,"36,576"
07/07/2018,"32,336"
08/07/2018,"33,961"
09/07/2018,"35,911"
10/07/2018,"35,315"
11/07/2018,"35,589"
12/07/2018,"36,381"
13/07/2018,"36,521"
14/07/2018,"32,635"
15/07/2018,"33,825"
16/07/2018,"35,724"
17/07/2018,"35,182"
18/07/2018,"35,469"
19/07/2018,"35,973"
20/07/2018,"36,400"
21/07/2018,"32,428"
22/07/2018,"33,731"
23/07/2018,"35,440"
24/07/2018,"34,777"
25/07/2018,"34,945"
26/07/2018,"35,591"
27/07/2018,"36,014"
28/07/2018,"32,334"
29/07/2018,"33,984"
30/07/2018,"35,330"
31/07/2018,"34,605"
01/08/2018,"34,947"
02/08/2018,"35,169"
03/08/2018,"35,827"
04/08/2018,"32,500"
05/08/2018,"33,486"
06/08/2018,"34,763"
07/08/2018,"33,895"
08/08/2018,"34,618"
09/08/2018,"34,349"
10/08/2018,"35,144"
11/08/2018,"32,560"
12/08/2018,"33,777"
13/08/2018,"34,784"
14/08/2018,"34,212"
15/08/2018,"34,414"
16/08/2018,"35,325"
17/08/2018,"35,906"
18/08/2018,"32,480"
19/08/2018,"33,759"
20/08/2018,"35,161"
21/08/2018,"34,672"
22/08/2018,"35,063"
23/08/2018,"35,750"
24/08/2018,"36,186"
25/08/2018,"32,441"
26/08/2018,"34,244"
27/08/2018,"35,746"
28/08/2018,"35,640"
29/08/2018,"35,882"
30/08/2018,"36,674"
31/08/2018,"36,966"
01/09/2018,"32,409"
02/09/2018,"34,204"
03/09/2018,"35,858"
04/09/2018,"35,303"
05/09/2018,"36,025"
06/09/2018,"36,311"
07/09/2018,"37,101"
08/09/2018,"31,739"
09/09/2018,"33,562"
10/09/2018,"35,324"
11/09/2018,"34,998"
12/09/2018,"35,402"
13/09/2018,"35,964"
14/09/2018,"36,367"
15/09/2018,"30,999"
16/09/2018,"33,077"
17/09/2018,"34,943"
18/09/2018,"34,299"
19/09/2018,"34,366"
20/09/2018,"35,647"
21/09/2018,"35,688"
22/09/2018,"30,738"
23/09/2018,"32,601"
24/09/2018,"34,561"
25/09/2018,"34,312"
26/09/2018,"34,699"
27/09/2018,"35,539"
28/09/2018,"35,559"
29/09/2018,"30,591"
30/09/2018,"32,852"
01/10/2018,"34,043"
02/10/2018,"33,103"
03/10/2018,"33,349"
04/10/2018,"34,172"
05/10/2018,"34,644"
06/10/2018,"29,186"
07/10/2018,"31,682"
08/10/2018,"33,512"
09/10/2018,"32,416"
10/10/2018,"32,821"
11/10/2018,"33,749"
12/10/2018,"33,813"
13/10/2018,"28,529"
14/10/2018,"30,991"
15/10/2018,"32,929"
16/10/2018,"32,073"
17/10/2018,"32,558"
18/10/2018,"33,200"
19/10/2018,"33,990"
20/10/2018,"28,433"
21/10/2018,"30,517"
22/10/2018,"32,644"
23/10/2018,"31,713"
24/10/2018,"32,175"
25/10/2018,"32,998"
26/10/2018,"33,414"
27/10/2018,"27,891"
28/10/2018,"27,988"
29/10/2018,"29,466"
30/10/2018,"28,226"
31/10/2018,"28,970"
01/11/2018,"27,861"
02/11/2018,"29,007"
03/11/2018,"23,895"
04/11/2018,"27,725"
05/11/2018,"29,440"
06/11/2018,"27,521"
07/11/2018,"28,053"
08/11/2018,"29,036"
09/11/2018,"29,556"
10/11/2018,"22,642"
11/11/2018,"26,148"
12/11/2018,"28,761"
13/11/2018,"27,270"
14/11/2018,"28,003"
15/11/2018,"28,896"
16/11/2018,"29,528"
17/11/2018,"22,602"
18/11/2018,"26,033"
19/11/2018,"28,436"
20/11/2018,"26,560"
21/11/2018,"27,511"
22/11/2018,"28,274"
23/11/2018,"28,711"
24/11/2018,"21,864"
25/11/2018,"25,527"
26/11/2018,"28,444"
27/11/2018,"26,672"
28/11/2018,"27,253"
29/11/2018,"28,635"
30/11/2018,"29,597"
01/12/2018,"22,105"
02/12/2018,"25,583"
03/12/2018,"28,376"
04/12/2018,"26,930"
05/12/2018,"27,682"
06/12/2018,"28,288"
07/12/2018,"29,231"
08/12/2018,"21,683"
09/12/2018,"25,565"
10/12/2018,"28,414"
11/12/2018,"27,047"
12/12/2018,"27,830"
13/12/2018,"28,505"
14/12/2018,"29,570"
15/12/2018,"22,732"
16/12/2018,"25,005"
17/12/2018,"28,369"
18/12/2018,"27,411"
19/12/2018,"28,349"
20/12/2018,"29,168"
21/12/2018,"29,966"
22/12/2018,"25,540"
23/12/2018,"25,779"
24/12/2018,"20,101"
25/12/2018,"13,735"
26/12/2018,"23,482"
27/12/2018,"26,871"
28/12/2018,"27,305"
29/12/2018,"24,079"
30/12/2018,"24,642"
31/12/2018,"19,822"
01/01/2019,"20,533"
02/01/2019,"26,576"
03/01/2019,"26,984"
04/01/2019,"27,482"
05/01/2019,"23,579"
06/01/2019,"26,207"
07/01/2019,"27,059"
08/01/2019,"24,950"
09/01/2019,"25,940"
10/01/2019,"26,233"
11/01/2019,"27,041"
12/01/2019,"21,855"
13/01/2019,"24,567"
14/01/2019,"26,613"
15/01/2019,"24,425"
16/01/2019,"25,830"
17/01/2019,"26,584"
18/01/2019,"28,343"
19/01/2019,"21,730"
20/01/2019,"24,900"
21/01/2019,"27,115"
22/01/2019,"24,947"
23/01/2019,"25,461"
24/01/2019,"26,634"
25/01/2019,"27,837"
26/01/2019,"21,517"
27/01/2019,"24,682"
28/01/2019,"26,585"
29/01/2019,"25,064"
30/01/2019,"25,583"
31/01/2019,"26,760"
01/02/2019,"27,657"
02/02/2019,"21,948"
03/02/2019,"24,354"
04/02/2019,"26,772"
05/02/2019,"25,314"
06/02/2019,"26,262"
07/02/2019,"27,337"
08/02/2019,"28,475"
09/02/2019,"22,373"
10/02/2019,"24,974"
11/02/2019,"27,169"
12/02/2019,"25,840"
13/02/2019,"25,949"
14/02/2019,"27,893"
15/02/2019,"29,486"
16/02/2019,"23,732"
17/02/2019,"26,050"
18/02/2019,"27,464"
19/02/2019,"26,141"
20/02/2019,"26,579"
21/02/2019,"28,046"
22/02/2019,"29,026"
23/02/2019,"23,790"
24/02/2019,"26,559"
25/02/2019,"28,033"
26/02/2019,"26,603"
27/02/2019,"27,340"
28/02/2019,"28,416"
01/03/2019,"29,227"
02/03/2019,"23,761"
03/03/2019,"26,070"
04/03/2019,"27,692"
05/03/2019,"26,802"
06/03/2019,"27,635"
07/03/2019,"28,423"
08/03/2019,"29,500"
09/03/2019,"23,475"
10/03/2019,"26,058"
11/03/2019,"28,493"
12/03/2019,"27,086"
13/03/2019,"27,226"
14/03/2019,"28,461"
15/03/2019,"29,842"
16/03/2019,"23,630"
17/03/2019,"26,304"
18/03/2019,"28,732"
19/03/2019,"27,061"
20/03/2019,"28,201"
21/03/2019,"29,017"
22/03/2019,"30,253"
23/03/2019,"23,622"
24/03/2019,"26,611"
25/03/2019,"28,379"
26/03/2019,"27,525"
27/03/2019,"28,189"
28/03/2019,"29,099"
29/03/2019,"30,214"
30/03/2019,"23,861"
31/03/2019,"27,825"
01/04/2019,"30,909"
02/04/2019,"30,153"
03/04/2019,"30,781"
04/04/2019,"31,278"
05/04/2019,"32,005"
06/04/2019,"26,101"
07/04/2019,"28,418"
08/04/2019,"30,654"
09/04/2019,"30,200"
10/04/2019,"31,189"
11/04/2019,"31,940"
12/04/2019,"32,979"
13/04/2019,"27,576"
14/04/2019,"29,159"
15/04/2019,"30,856"
16/04/2019,"30,280"
17/04/2019,"31,277"
18/04/2019,"32,022"
19/04/2019,"29,915"
20/04/2019,"26,916"
21/04/2019,"28,011"
22/04/2019,"29,792"
23/04/2019,"31,081"
24/04/2019,"31,298"
25/04/2019,"32,072"
26/04/2019,"32,074"
27/04/2019,"27,894"
28/04/2019,"29,688"
29/04/2019,"31,289"
30/04/2019,"30,892"
01/05/2019,"29,483"
02/05/2019,"31,895"
03/05/2019,"33,049"
04/05/2019,"28,388"
05/05/2019,"30,637"
06/05/2019,"32,162"
07/05/2019,"32,114"
08/05/2019,"31,673"
09/05/2019,"31,093"
10/05/2019,"33,920"
11/05/2019,"28,543"
12/05/2019,"30,798"
13/05/2019,"32,672"
14/05/2019,"31,607"
15/05/2019,"32,149"
16/05/2019,"32,869"
17/05/2019,"32,941"
18/05/2019,"28,531"
19/05/2019,"30,541"
20/05/2019,"32,723"
21/05/2019,"31,236"
22/05/2019,"32,824"
23/05/2019,"33,828"
24/05/2019,"34,714"
25/05/2019,"29,543"
26/05/2019,"31,414"
27/05/2019,"33,400"
28/05/2019,"32,789"
29/05/2019,"34,110"
30/05/2019,"32,165"
31/05/2019,"33,084"
01/06/2019,"30,681"
02/06/2019,"33,984"
03/06/2019,"34,638"
04/06/2019,"34,090"
05/06/2019,"34,765"
06/06/2019,"34,931"
07/06/2019,"36,170"
08/06/2019,"31,415"
09/06/2019,"32,390"
10/06/2019,"34,326"
11/06/2019,"34,891"
12/06/2019,"35,272"
13/06/2019,"36,365"
14/06/2019,"36,801"
15/06/2019,"31,848"
16/06/2019,"33,889"
17/06/2019,"35,904"
18/06/2019,"35,201"
19/06/2019,"35,654"
20/06/2019,"35,818"
21/06/2019,"36,131"
22/06/2019,"31,789"
23/06/2019,"34,080"
24/06/2019,"35,817"
25/06/2019,"35,273"
26/06/2019,"35,780"
27/06/2019,"36,827"
28/06/2019,"37,230"
29/06/2019,"32,679"
30/06/2019,"34,534"
01/07/2019,"36,129"
02/07/2019,"35,474"
03/07/2019,"35,970"
04/07/2019,"36,823"
05/07/2019,"37,080"
06/07/2019,"32,618"
07/07/2019,"34,109"
08/07/2019,"36,010"
09/07/2019,"35,366"
10/07/2019,"35,813"
11/07/2019,"36,656"
12/07/2019,"36,624"
13/07/2019,"32,827"
14/07/2019,"34,272"
15/07/2019,"36,127"
16/07/2019,"35,333"
17/07/2019,"35,618"
18/07/2019,"36,406"
19/07/2019,"36,789"
20/07/2019,"32,894"
21/07/2019,"34,044"
22/07/2019,"35,706"
23/07/2019,"35,190"
24/07/2019,"35,207"
25/07/2019,"35,767"
26/07/2019,"36,242"
27/07/2019,"32,524"
28/07/2019,"34,060"
29/07/2019,"35,722"
30/07/2019,"34,831"
31/07/2019,"35,501"
01/08/2019,"35,858"
02/08/2019,"36,002"
03/08/2019,"32,828"
04/08/2019,"34,024"
05/08/2019,"34,894"
06/08/2019,"34,241"
07/08/2019,"34,239"
08/08/2019,"35,345"
09/08/2019,"35,877"
10/08/2019,"32,754"
11/08/2019,"33,889"
12/08/2019,"34,899"
13/08/2019,"34,421"
14/08/2019,"35,012"
15/08/2019,"34,858"
16/08/2019,"35,741"
17/08/2019,"32,707"
18/08/2019,"34,392"
19/08/2019,"35,514"
20/08/2019,"34,990"
21/08/2019,"35,469"
22/08/2019,"36,364"
23/08/2019,"36,620"
24/08/2019,"32,679"
25/08/2019,"34,309"
26/08/2019,"35,838"
27/08/2019,"35,382"
28/08/2019,"35,899"
29/08/2019,"36,746"
30/08/2019,"37,027"
31/08/2019,"32,841"
01/09/2019,"34,075"
02/09/2019,"35,612"
03/09/2019,"35,352"
04/09/2019,"35,772"
05/09/2019,"36,416"
06/09/2019,"36,135"
07/09/2019,"31,701"
08/09/2019,"34,020"
09/09/2019,"34,895"
10/09/2019,"34,187"
11/09/2019,"35,301"
12/09/2019,"36,389"
13/09/2019,"36,622"
14/09/2019,"31,527"
15/09/2019,"33,668"
16/09/2019,"35,258"
17/09/2019,"34,639"
18/09/2019,"35,032"
19/09/2019,"35,935"
20/09/2019,"36,341"
21/09/2019,"30,991"
22/09/2019,"33,069"
23/09/2019,"34,914"
24/09/2019,"34,060"
25/09/2019,"35,024"
26/09/2019,"35,552"
27/09/2019,"35,566"
28/09/2019,"30,764"
29/09/2019,"32,699"
30/09/2019,"34,217"
01/10/2019,"32,968"
02/10/2019,"33,754"
03/10/2019,"33,963"
04/10/2019,"34,384"
05/10/2019,"29,351"
06/10/2019,"31,736"
07/10/2019,"33,241"
08/10/2019,"31,830"
09/10/2019,"32,035"
10/10/2019,"33,637"
11/10/2019,"34,280"
12/10/2019,"28,854"
13/10/2019,"31,050"
14/10/2019,"32,731"
15/10/2019,"31,781"
16/10/2019,"32,332"
17/10/2019,"33,452"
18/10/2019,"33,855"
19/10/2019,"28,667"
20/10/2019,"30,466"
21/10/2019,"32,708"
22/10/2019,"31,499"
23/10/2019,"32,297"
24/10/2019,"33,266"
25/10/2019,"33,099"
26/10/2019,"28,452"
27/10/2019,"28,464"
28/10/2019,"30,024"
29/10/2019,"28,664"
30/10/2019,"29,259"
31/10/2019,"29,916"
01/11/2019,"28,830"
02/11/2019,"24,122"
03/11/2019,"27,724"
04/11/2019,"29,434"
05/11/2019,"27,637"
06/11/2019,"27,683"
07/11/2019,"28,048"
08/11/2019,"29,262"
09/11/2019,"22,494"
10/11/2019,"26,111"
11/11/2019,"28,108"
12/11/2019,"26,414"
13/11/2019,"26,747"
14/11/2019,"28,352"
15/11/2019,"29,565"
16/11/2019,"22,358"
17/11/2019,"25,864"
18/11/2019,"28,255"
19/11/2019,"26,264"
20/11/2019,"26,820"
21/11/2019,"27,855"
22/11/2019,"29,531"
23/11/2019,"22,059"
24/11/2019,"25,813"
25/11/2019,"27,315"
26/11/2019,"25,998"
27/11/2019,"26,541"
28/11/2019,"27,662"
29/11/2019,"28,986"
30/11/2019,"22,035"
01/12/2019,"25,482"
02/12/2019,"28,064"
03/12/2019,"26,251"
04/12/2019,"27,104"
05/12/2019,"26,791"
06/12/2019,"28,375"
07/12/2019,"21,864"
08/12/2019,"25,648"
09/12/2019,"28,134"
10/12/2019,"25,620"
11/12/2019,"27,193"
12/12/2019,"27,817"
13/12/2019,"28,692"
14/12/2019,"22,605"
15/12/2019,"25,882"
16/12/2019,"28,308"
17/12/2019,"26,283"
18/12/2019,"27,823"
19/12/2019,"29,229"
20/12/2019,"30,273"
21/12/2019,"25,374"
22/12/2019,"26,455"
23/12/2019,"26,906"
24/12/2019,"19,556"
25/12/2019,"14,581"
26/12/2019,"24,086"
27/12/2019,"27,201"
28/12/2019,"24,107"
29/12/2019,"25,596"
30/12/2019,"25,837"
31/12/2019,"19,859"
01/01/2020,"20,472"
02/01/2020,"26,770"
03/01/2020,"27,377"
04/01/2020,"24,325"
05/01/2020,"26,635"
06/01/2020,"27,001"
07/01/2020,"25,051"
08/01/2020,"25,279"
09/01/2020,"26,018"
10/01/2020,"27,863"
11/01/2020,"22,079"
12/01/2020,"25,146"
13/01/2020,"26,463"
14/01/2020,"23,601"
15/01/2020,"24,865"
16/01/2020,"26,266"
17/01/2020,"27,754"
18/01/2020,"21,408"
19/01/2020,"24,922"
20/01/2020,"26,670"
21/01/2020,"24,574"
22/01/2020,"24,862"
23/01/2020,"26,562"
24/01/2020,"27,994"
25/01/2020,"21,306"
26/01/2020,"24,877"
27/01/2020,"26,679"
28/01/2020,"24,135"
29/01/2020,"24,815"
30/01/2020,"26,443"
31/01/2020,"28,096"
01/02/2020,"21,816"
02/02/2020,"24,961"
03/02/2020,"26,779"
04/02/2020,"24,348"
05/02/2020,"25,258"
06/02/2020,"26,820"
07/02/2020,"27,949"
08/02/2020,"22,332"
09/02/2020,"22,059"
10/02/2020,"24,308"
11/02/2020,"24,366"
12/02/2020,"25,795"
13/02/2020,"27,204"
14/02/2020,"29,011"
15/02/2020,"23,287"
16/02/2020,"25,156"
17/02/2020,"27,218"
18/02/2020,"25,793"
19/02/2020,"26,437"
20/02/2020,"27,413"
21/02/2020,"29,135"
22/02/2020,"23,783"
23/02/2020,"25,844"
24/02/2020,"27,883"
25/02/2020,"25,907"
26/02/2020,"26,229"
27/02/2020,"27,060"
28/02/2020,"28,935"
29/02/2020,"23,023"
01/03/2020,"25,855"
02/03/2020,"27,311"
03/03/2020,"25,657"
04/03/2020,"26,190"
05/03/2020,"26,677"
06/03/2020,"27,613"
07/03/2020,"22,021"
08/03/2020,"24,652"
09/03/2020,"25,678"
10/03/2020,"23,379"
11/03/2020,"23,386"
12/03/2020,"23,879"
13/03/2020,"24,661"
14/03/2020,"18,925"
15/03/2020,"20,037"
16/03/2020,"19,080"
17/03/2020,"15,200"
18/03/2020,"13,769"
19/03/2020,"12,669"
20/03/2020,"12,175"
21/03/2020,"7,960"
22/03/2020,"7,536"
23/03/2020,"6,836"
24/03/2020,"6,264"
25/03/2020,"5,811"
26/03/2020,"5,902"
27/03/2020,"5,643"
28/03/2020,"3,584"
29/03/2020,"3,354"
30/03/2020,"4,053"
31/03/2020,"4,202"
01/04/2020,"4,409"
02/04/2020,"4,089"
03/04/2020,"4,088"
04/04/2020,"2,566"
05/04/2020,"2,672"
06/04/2020,"3,641"
07/04/2020,"3,882"
08/04/2020,"4,071"
09/04/2020,"3,868"
10/04/2020,"3,028"
11/04/2020,"2,224"
12/04/2020,"2,099"
13/04/2020,"2,626"
14/04/2020,"3,720"
15/04/2020,"4,028"
16/04/2020,"4,164"
17/04/2020,"3,926"
18/04/2020,"2,297"
19/04/2020,"2,455"
20/04/2020,"3,795"
21/04/2020,"4,034"
22/04/2020,"4,385"
23/04/2020,"4,506"
24/04/2020,"4,255"
25/04/2020,"2,467"
26/04/2020,"2,694"
27/04/2020,"4,110"
28/04/2020,"4,283"
29/04/2020,"4,567"
30/04/2020,"4,512"
01/05/2020,"3,382"
02/05/2020,"2,451"
03/05/2020,"2,881"
04/05/2020,"4,339"
05/05/2020,"4,510"
06/05/2020,"4,805"
07/05/2020,"5,010"
08/05/2020,"4,515"
09/05/2020,"2,878"
10/05/2020,"3,020"
11/05/2020,"4,507"
12/05/2020,"5,005"
13/05/2020,"5,196"
14/05/2020,"5,388"
15/05/2020,"5,361"
16/05/2020,"3,246"
17/05/2020,"3,300"
18/05/2020,"5,075"
19/05/2020,"5,325"
20/05/2020,"5,898"
21/05/2020,"4,863"
22/05/2020,"5,015"
23/05/2020,"3,380"
24/05/2020,"3,691"
25/05/2020,"5,083"
26/05/2020,"5,585"
27/05/2020,"6,040"
28/05/2020,"5,943"
29/05/2020,"5,925"
30/05/2020,"3,622"
31/05/2020,"3,586"
01/06/2020,"5,087"
02/06/2020,"6,013"
03/06/2020,"6,610"
04/06/2020,"6,822"
05/06/2020,"6,727"
06/06/2020,"4,444"
07/06/2020,"4,807"
08/06/2020,"6,584"
09/06/2020,"6,700"
10/06/2020,"7,232"
11/06/2020,"6,932"
12/06/2020,"7,283"
13/06/2020,"4,679"
14/06/2020,"5,223"
15/06/2020,"7,931"
16/06/2020,"7,810"
17/06/2020,"8,227"
18/06/2020,"8,404"
19/06/2020,"8,620"
20/06/2020,"5,999"
21/06/2020,"6,954"
22/06/2020,"8,884"
23/06/2020,"8,770"
24/06/2020,"9,221"
25/06/2020,"9,579"
26/06/2020,"9,858"
27/06/2020,"6,730"
28/06/2020,"7,564"
29/06/2020,"9,203"
30/06/2020,"9,296"
01/07/2020,"12,742"
02/07/2020,"12,727"
03/07/2020,"13,953"
04/07/2020,"11,087"
05/07/2020,"11,861"
06/07/2020,"12,980"
07/07/2020,"12,339"
08/07/2020,"13,144"
09/07/2020,"13,182"
10/07/2020,"14,596"
11/07/2020,"11,918"
12/07/2020,"12,390"
13/07/2020,"13,381"
14/07/2020,"12,797"
15/07/2020,"14,175"
16/07/2020,"14,694"
17/07/2020,"15,818"
18/07/2020,"13,297"
19/07/2020,"13,808"
20/07/2020,"14,838"
21/07/2020,"13,952"
22/07/2020,"14,493"
23/07/2020,"15,206"
24/07/2020,"16,281"
25/07/2020,"14,223"
26/07/2020,"14,349"
27/07/2020,"15,058"
28/07/2020,"14,099"
29/07/2020,"14,915"
30/07/2020,"15,384"
31/07/2020,"16,570"
01/08/2020,"16,174"
02/08/2020,"16,345"
03/08/2020,"16,877"
04/08/2020,"15,665"
05/08/2020,"16,386"
06/08/2020,"16,761"
07/08/2020,"18,147"
08/08/2020,"16,301"
09/08/2020,"16,602"
10/08/2020,"17,141"
11/08/2020,"15,663"
12/08/2020,"16,204"
13/08/2020,"16,545"
14/08/2020,"18,244"
15/08/2020,"16,443"
16/08/2020,"17,185"
17/08/2020,"17,338"
18/08/2020,"15,874"
19/08/2020,"16,718"
20/08/2020,"17,257"
21/08/2020,"18,365"
22/08/2020,"16,319"
23/08/2020,"17,315"
24/08/2020,"17,630"
25/08/2020,"16,199"
26/08/2020,"16,810"
27/08/2020,"17,727"
28/08/2020,"18,802"
29/08/2020,"16,297"
30/08/2020,"17,495"
31/08/2020,"18,017"
01/09/2020,"15,964"
02/09/2020,"16,314"
03/09/2020,"17,097"
04/09/2020,"18,301"
05/09/2020,"15,268"
06/09/2020,"16,421"
07/09/2020,"16,844"
08/09/2020,"15,383"
09/09/2020,"16,078"
10/09/2020,"16,727"
11/09/2020,"18,099"
12/09/2020,"14,641"
13/09/2020,"16,230"
14/09/2020,"16,344"
15/09/2020,"14,952"
16/09/2020,"15,496"
17/09/2020,"16,097"
18/09/2020,"17,567"
19/09/2020,"13,918"
20/09/2020,"15,544"
21/09/2020,"15,851"
22/09/2020,"14,524"
23/09/2020,"15,078"
24/09/2020,"15,723"
25/09/2020,"17,161"
26/09/2020,"13,571"
27/09/2020,"15,078"
28/09/2020,"15,430"
29/09/2020,"14,237"
30/09/2020,"15,251"
01/10/2020,"15,184"
02/10/2020,"16,257"
03/10/2020,"12,813"
04/10/2020,"14,066"
05/10/2020,"14,733"
06/10/2020,"13,026"
07/10/2020,"13,867"
08/10/2020,"14,558"
09/10/2020,"16,434"
10/10/2020,"12,664"
11/10/2020,"13,992"
12/10/2020,"14,372"
13/10/2020,"12,735"
14/10/2020,"13,542"
15/10/2020,"13,738"
16/10/2020,"16,401"
17/10/2020,"12,904"
18/10/2020,"13,948"
19/10/2020,"14,001"
20/10/2020,"12,223"
21/10/2020,"12,887"
22/10/2020,"13,809"
23/10/2020,"15,521"
24/10/2020,"12,474"
25/10/2020,"13,377"
26/10/2020,"13,561"
27/10/2020,"11,920"
28/10/2020,"12,695"
29/10/2020,"13,505"
30/10/2020,"14,939"
31/10/2020,"11,569"
01/11/2020,"12,975"
02/11/2020,"12,701"
03/11/2020,"11,000"
04/11/2020,"11,682"
05/11/2020,"11,834"
06/11/2020,"13,336"
07/11/2020,"9,449"
08/11/2020,"11,015"
09/11/2020,"11,217"
10/11/2020,"9,794"
11/11/2020,"10,047"
12/11/2020,"10,867"
13/11/2020,"12,039"
14/11/2020,"8,095"
15/11/2020,"9,700"
16/11/2020,"10,606"
17/11/2020,"9,330"
18/11/2020,"10,232"
19/11/2020,"10,121"
20/11/2020,"11,302"
21/11/2020,"7,554"
22/11/2020,"8,862"
23/11/2020,"9,990"
24/11/2020,"8,910"
25/11/2020,"9,768"
26/11/2020,"9,741"
27/11/2020,"10,936"
28/11/2020,"7,244"
29/11/2020,"8,722"
30/11/2020,"9,948"
01/12/2020,"8,807"
02/12/2020,"9,808"
03/12/2020,"10,017"
04/12/2020,"11,444"
